Gender,Percentile,Year,Life Expectancy Adjusted
F,1,2001,79.893463
F,1,2002,79.410622
F,1,2003,79.572174
F,1,2004,80.092476
F,1,2005,80.465935
F,1,2006,79.701607
F,1,2007,79.851669
F,1,2008,79.41481800000001
F,1,2009,74.534164
F,1,2010,79.124969
F,1,2011,79.731888
F,1,2012,78.75975799999999
F,1,2013,79.464867
F,1,2014,79.824127
F,2,2001,81.125061
F,2,2002,81.11790500000001
F,2,2003,80.408615
F,2,2004,81.537674
F,2,2005,81.351906
F,2,2006,80.92012
F,2,2007,81.715248
F,2,2008,81.074432
F,2,2009,79.924911
F,2,2010,80.118484
F,2,2011,81.66377299999999
F,2,2012,80.844505
F,2,2013,81.009857
F,2,2014,80.674217
F,3,2001,81.354729
F,3,2002,80.903343
F,3,2003,81.471512
F,3,2004,82.722084
F,3,2005,81.820351
F,3,2006,82.721352
F,3,2007,82.505142
F,3,2008,81.050659
F,3,2009,81.270462
F,3,2010,82.129913
F,3,2011,82.092026
F,3,2012,81.72647099999999
F,3,2013,81.203835
F,3,2014,81.89437099999999
F,4,2001,81.049797
F,4,2002,81.268372
F,4,2003,82.015091
F,4,2004,80.665871
F,4,2005,82.279106
F,4,2006,83.140556
F,4,2007,82.430634
F,4,2008,82.561165
F,4,2009,81.860954
F,4,2010,82.00013
F,4,2011,82.55630500000001
F,4,2012,81.65226
F,4,2013,82.357407
F,4,2014,82.03553000000001
F,5,2001,81.390022
F,5,2002,82.342102
F,5,2003,81.745598
F,5,2004,81.781387
F,5,2005,82.628883
F,5,2006,82.72448
F,5,2007,83.020226
F,5,2008,82.371391
F,5,2009,81.618149
F,5,2010,82.598892
F,5,2011,82.773834
F,5,2012,82.13651999999999
F,5,2013,81.841492
F,5,2014,82.77220200000001
F,6,2001,81.959129
F,6,2002,82.235641
F,6,2003,81.823952
F,6,2004,82.413078
F,6,2005,82.612984
F,6,2006,82.506714
F,6,2007,82.856491
F,6,2008,82.037186
F,6,2009,81.097664
F,6,2010,82.567696
F,6,2011,82.43695799999999
F,6,2012,82.323898
F,6,2013,82.338539
F,6,2014,82.489838
F,7,2001,80.840523
F,7,2002,81.206528
F,7,2003,81.195824
F,7,2004,82.399902
F,7,2005,81.532875
F,7,2006,81.555275
F,7,2007,83.306282
F,7,2008,82.18581400000001
F,7,2009,81.692932
F,7,2010,81.748161
F,7,2011,82.75819399999999
F,7,2012,82.331337
F,7,2013,82.378761
F,7,2014,82.73848000000001
F,8,2001,81.180038
F,8,2002,82.11934699999999
F,8,2003,81.020279
F,8,2004,82.293755
F,8,2005,82.384529
F,8,2006,81.94973
F,8,2007,82.537743
F,8,2008,82.792213
F,8,2009,82.384514
F,8,2010,82.76690699999999
F,8,2011,81.55229200000001
F,8,2012,83.092209
F,8,2013,81.963959
F,8,2014,82.40061999999999
F,9,2001,81.21300500000001
F,9,2002,80.93070999999999
F,9,2003,80.853836
F,9,2004,82.145439
F,9,2005,82.505615
F,9,2006,82.72760799999999
F,9,2007,82.716972
F,9,2008,82.60208100000001
F,9,2009,82.165611
F,9,2010,82.397438
F,9,2011,82.393784
F,9,2012,81.902908
F,9,2013,82.38209499999999
F,9,2014,82.926582
F,10,2001,81.163208
F,10,2002,81.64110600000001
F,10,2003,81.939751
F,10,2004,81.854507
F,10,2005,81.81935899999999
F,10,2006,83.366051
F,10,2007,82.596939
F,10,2008,82.59992199999999
F,10,2009,81.748001
F,10,2010,83.027298
F,10,2011,82.190498
F,10,2012,82.744621
F,10,2013,82.427071
F,10,2014,82.182259
F,11,2001,82.844086
F,11,2002,82.415199
F,11,2003,81.99481999999999
F,11,2004,82.415115
F,11,2005,82.849518
F,11,2006,81.696129
F,11,2007,83.410202
F,11,2008,82.377602
F,11,2009,82.55540500000001
F,11,2010,83.08270999999999
F,11,2011,82.699844
F,11,2012,82.349396
F,11,2013,83.134506
F,11,2014,83.81875600000001
F,12,2001,81.586624
F,12,2002,81.832535
F,12,2003,81.390244
F,12,2004,81.820679
F,12,2005,81.526558
F,12,2006,82.35797099999999
F,12,2007,83.654678
F,12,2008,82.80630500000001
F,12,2009,83.490364
F,12,2010,82.05789200000001
F,12,2011,82.783775
F,12,2012,82.76252
F,12,2013,82.021011
F,12,2014,84.048508
F,13,2001,80.900085
F,13,2002,81.721191
F,13,2003,82.07907900000001
F,13,2004,82.549133
F,13,2005,81.876099
F,13,2006,82.7211
F,13,2007,82.88419300000001
F,13,2008,83.551613
F,13,2009,83.073853
F,13,2010,83.014381
F,13,2011,83.53733100000001
F,13,2012,84.198433
F,13,2013,83.079178
F,13,2014,83.72290799999999
F,14,2001,82.751808
F,14,2002,81.95773299999999
F,14,2003,83.118706
F,14,2004,82.495132
F,14,2005,82.049522
F,14,2006,83.48962399999999
F,14,2007,83.600319
F,14,2008,83.909805
F,14,2009,82.753357
F,14,2010,83.490379
F,14,2011,83.834785
F,14,2012,83.192833
F,14,2013,83.688248
F,14,2014,84.02754200000001
F,15,2001,81.706863
F,15,2002,82.91494
F,15,2003,82.328644
F,15,2004,82.194466
F,15,2005,82.725952
F,15,2006,82.396202
F,15,2007,84.075699
F,15,2008,83.212013
F,15,2009,83.156982
F,15,2010,83.37738
F,15,2011,83.329285
F,15,2012,83.43113699999999
F,15,2013,83.208229
F,15,2014,83.60199
F,16,2001,82.456917
F,16,2002,82.803726
F,16,2003,83.346901
F,16,2004,82.284798
F,16,2005,82.590851
F,16,2006,83.221397
F,16,2007,83.298271
F,16,2008,83.098213
F,16,2009,84.20599399999999
F,16,2010,84.00235
F,16,2011,83.304428
F,16,2012,82.997337
F,16,2013,84.098007
F,16,2014,84.57405899999999
F,17,2001,81.456627
F,17,2002,82.456062
F,17,2003,82.437218
F,17,2004,82.567017
F,17,2005,83.323402
F,17,2006,82.619484
F,17,2007,82.87645699999999
F,17,2008,83.68866700000001
F,17,2009,82.692627
F,17,2010,83.810898
F,17,2011,83.852325
F,17,2012,83.88000500000001
F,17,2013,83.938789
F,17,2014,83.93111400000001
F,18,2001,82.959946
F,18,2002,82.439995
F,18,2003,82.46781899999999
F,18,2004,82.952492
F,18,2005,83.37361899999999
F,18,2006,83.282394
F,18,2007,83.635971
F,18,2008,83.59944200000001
F,18,2009,82.811722
F,18,2010,83.075539
F,18,2011,84.10591099999999
F,18,2012,83.96524000000001
F,18,2013,84.52109499999999
F,18,2014,84.634621
F,19,2001,82.820015
F,19,2002,82.866699
F,19,2003,82.778198
F,19,2004,83.518936
F,19,2005,84.151375
F,19,2006,84.31019599999999
F,19,2007,83.570053
F,19,2008,83.851196
F,19,2009,83.87455
F,19,2010,84.21167
F,19,2011,84.04746999999999
F,19,2012,83.956429
F,19,2013,83.863869
F,19,2014,85.11760699999999
F,20,2001,82.723396
F,20,2002,84.134766
F,20,2003,82.092636
F,20,2004,82.84326899999999
F,20,2005,84.162865
F,20,2006,83.22197
F,20,2007,83.846497
F,20,2008,84.666855
F,20,2009,82.909706
F,20,2010,84.343452
F,20,2011,83.943077
F,20,2012,83.86640200000001
F,20,2013,83.447365
F,20,2014,84.220749
F,21,2001,82.439278
F,21,2002,82.87344399999999
F,21,2003,83.459579
F,21,2004,83.065308
F,21,2005,82.882202
F,21,2006,83.601326
F,21,2007,84.455711
F,21,2008,83.625725
F,21,2009,84.121651
F,21,2010,84.34300999999999
F,21,2011,84.29630999999999
F,21,2012,84.1763
F,21,2013,84.116989
F,21,2014,84.443336
F,22,2001,83.016441
F,22,2002,83.632851
F,22,2003,83.136276
F,22,2004,83.50212900000001
F,22,2005,82.812523
F,22,2006,83.64801
F,22,2007,84.515945
F,22,2008,83.58107
F,22,2009,82.869026
F,22,2010,84.778351
F,22,2011,84.944572
F,22,2012,85.13803100000001
F,22,2013,83.485985
F,22,2014,85.45043199999999
F,23,2001,81.73481
F,23,2002,82.420006
F,23,2003,84.27034
F,23,2004,83.088264
F,23,2005,83.98734300000001
F,23,2006,83.59787
F,23,2007,83.910431
F,23,2008,84.473969
F,23,2009,84.127571
F,23,2010,84.578316
F,23,2011,84.50862099999999
F,23,2012,83.63588
F,23,2013,84.211845
F,23,2014,84.839417
F,24,2001,82.02464300000001
F,24,2002,83.03621700000001
F,24,2003,82.47590600000001
F,24,2004,83.828499
F,24,2005,83.69512900000001
F,24,2006,84.213066
F,24,2007,84.047287
F,24,2008,83.960678
F,24,2009,83.822006
F,24,2010,84.281616
F,24,2011,85.205894
F,24,2012,84.617867
F,24,2013,85.34227800000001
F,24,2014,84.728836
F,25,2001,83.304237
F,25,2002,83.327332
F,25,2003,83.050903
F,25,2004,83.709763
F,25,2005,83.04599
F,25,2006,83.473
F,25,2007,84.479889
F,25,2008,84.20058399999999
F,25,2009,83.734367
F,25,2010,84.10363000000001
F,25,2011,84.323471
F,25,2012,84.85550699999999
F,25,2013,84.921051
F,25,2014,85.367195
F,26,2001,83.57206
F,26,2002,83.654114
F,26,2003,83.327835
F,26,2004,83.12829599999999
F,26,2005,84.327057
F,26,2006,84.155037
F,26,2007,84.104958
F,26,2008,84.05295600000001
F,26,2009,83.48168199999999
F,26,2010,84.111359
F,26,2011,84.816086
F,26,2012,84.48891400000001
F,26,2013,85.515663
F,26,2014,84.266548
F,27,2001,83.234673
F,27,2002,83.49006700000001
F,27,2003,83.509689
F,27,2004,83.98555
F,27,2005,83.048462
F,27,2006,84.376434
F,27,2007,85.040092
F,27,2008,85.07238000000001
F,27,2009,83.968773
F,27,2010,85.241959
F,27,2011,84.489235
F,27,2012,84.818115
F,27,2013,84.180397
F,27,2014,84.706627
F,28,2001,82.310822
F,28,2002,83.397339
F,28,2003,82.445297
F,28,2004,84.417221
F,28,2005,84.399811
F,28,2006,83.763763
F,28,2007,84.33845500000001
F,28,2008,84.647491
F,28,2009,84.75484499999999
F,28,2010,85.214119
F,28,2011,84.184433
F,28,2012,85.10771899999999
F,28,2013,84.774055
F,28,2014,84.85141
F,29,2001,83.434433
F,29,2002,82.616287
F,29,2003,83.556709
F,29,2004,83.055977
F,29,2005,84.54053499999999
F,29,2006,83.34028599999999
F,29,2007,85.3974
F,29,2008,85.662132
F,29,2009,84.414558
F,29,2010,85.190399
F,29,2011,85.069565
F,29,2012,84.12178
F,29,2013,85.453972
F,29,2014,85.17669699999999
F,30,2001,83.380966
F,30,2002,83.904625
F,30,2003,84.146164
F,30,2004,84.372986
F,30,2005,84.72689799999999
F,30,2006,84.40459399999999
F,30,2007,84.774857
F,30,2008,85.68602800000001
F,30,2009,84.029854
F,30,2010,85.212952
F,30,2011,85.76711999999999
F,30,2012,85.370956
F,30,2013,84.635918
F,30,2014,84.888908
F,31,2001,83.67517099999999
F,31,2002,83.969208
F,31,2003,84.711449
F,31,2004,85.09187299999999
F,31,2005,84.379654
F,31,2006,85.152069
F,31,2007,85.761162
F,31,2008,84.81536899999999
F,31,2009,85.238884
F,31,2010,85.103409
F,31,2011,85.86718
F,31,2012,85.339325
F,31,2013,84.377113
F,31,2014,85.36409
F,32,2001,83.85778
F,32,2002,83.562141
F,32,2003,83.31707800000001
F,32,2004,82.96244
F,32,2005,85.223274
F,32,2006,84.309845
F,32,2007,84.392075
F,32,2008,85.001068
F,32,2009,85.360405
F,32,2010,84.822929
F,32,2011,84.688896
F,32,2012,86.067314
F,32,2013,85.533112
F,32,2014,85.791122
F,33,2001,83.748711
F,33,2002,83.990791
F,33,2003,83.991486
F,33,2004,83.602867
F,33,2005,84.757683
F,33,2006,85.386383
F,33,2007,84.472435
F,33,2008,85.351738
F,33,2009,85.143517
F,33,2010,84.970749
F,33,2011,85.60318000000001
F,33,2012,86.336136
F,33,2013,84.894295
F,33,2014,86.112183
F,34,2001,83.306435
F,34,2002,83.233177
F,34,2003,83.807487
F,34,2004,83.753288
F,34,2005,84.599937
F,34,2006,84.491348
F,34,2007,84.991341
F,34,2008,85.442146
F,34,2009,84.72236600000001
F,34,2010,85.831261
F,34,2011,86.106995
F,34,2012,84.852173
F,34,2013,85.183121
F,34,2014,85.094566
F,35,2001,84.440536
F,35,2002,85.22895799999999
F,35,2003,83.782669
F,35,2004,85.350197
F,35,2005,84.275795
F,35,2006,85.14209699999999
F,35,2007,85.212227
F,35,2008,85.775757
F,35,2009,85.09369699999999
F,35,2010,85.01223
F,35,2011,85.17712399999999
F,35,2012,85.432503
F,35,2013,84.19438199999999
F,35,2014,85.98335300000001
F,36,2001,84.174973
F,36,2002,83.364853
F,36,2003,83.11277
F,36,2004,84.32418100000001
F,36,2005,83.860283
F,36,2006,85.155441
F,36,2007,85.90373199999999
F,36,2008,84.124153
F,36,2009,86.191597
F,36,2010,86.18731700000001
F,36,2011,85.732437
F,36,2012,85.975021
F,36,2013,84.604713
F,36,2014,85.762589
F,37,2001,83.201462
F,37,2002,84.590469
F,37,2003,84.245399
F,37,2004,84.157646
F,37,2005,84.713539
F,37,2006,83.76379399999999
F,37,2007,85.424103
F,37,2008,85.253334
F,37,2009,85.17469799999999
F,37,2010,85.448059
F,37,2011,85.24984
F,37,2012,85.292953
F,37,2013,85.330238
F,37,2014,86.068588
F,38,2001,82.88801600000001
F,38,2002,84.10990100000001
F,38,2003,84.176918
F,38,2004,84.183189
F,38,2005,84.070915
F,38,2006,84.937187
F,38,2007,85.642601
F,38,2008,85.58386999999999
F,38,2009,85.83815
F,38,2010,85.682327
F,38,2011,85.479362
F,38,2012,84.665726
F,38,2013,84.85311899999999
F,38,2014,85.482277
F,39,2001,83.060951
F,39,2002,83.718788
F,39,2003,83.989403
F,39,2004,84.091454
F,39,2005,84.527443
F,39,2006,85.293221
F,39,2007,85.05818199999999
F,39,2008,85.26044499999999
F,39,2009,85.005348
F,39,2010,86.614761
F,39,2011,85.472572
F,39,2012,85.525421
F,39,2013,86.266113
F,39,2014,86.580559
F,40,2001,83.31218
F,40,2002,84.634155
F,40,2003,84.130356
F,40,2004,85.04298399999999
F,40,2005,85.25383000000001
F,40,2006,84.628784
F,40,2007,84.554558
F,40,2008,85.791061
F,40,2009,86.025818
F,40,2010,85.80896800000001
F,40,2011,86.487648
F,40,2012,85.111847
F,40,2013,85.056572
F,40,2014,85.928993
F,41,2001,84.601974
F,41,2002,84.07386
F,41,2003,84.03492
F,41,2004,84.576332
F,41,2005,84.2201
F,41,2006,84.55407
F,41,2007,85.409058
F,41,2008,85.578377
F,41,2009,86.695976
F,41,2010,85.52828199999999
F,41,2011,86.065804
F,41,2012,86.568207
F,41,2013,85.426918
F,41,2014,86.31868
F,42,2001,83.69009399999999
F,42,2002,83.799767
F,42,2003,83.791718
F,42,2004,83.279175
F,42,2005,85.116096
F,42,2006,84.820549
F,42,2007,85.555725
F,42,2008,85.732986
F,42,2009,85.18905600000001
F,42,2010,85.776085
F,42,2011,86.01074200000001
F,42,2012,85.86122900000001
F,42,2013,85.534615
F,42,2014,86.405312
F,43,2001,84.14299799999999
F,43,2002,83.15885899999999
F,43,2003,84.944786
F,43,2004,85.883675
F,43,2005,83.852257
F,43,2006,84.921425
F,43,2007,85.55171999999999
F,43,2008,85.742752
F,43,2009,85.104568
F,43,2010,85.189102
F,43,2011,86.222412
F,43,2012,86.161911
F,43,2013,86.046906
F,43,2014,85.868813
F,44,2001,83.16757199999999
F,44,2002,82.977921
F,44,2003,84.533997
F,44,2004,85.063858
F,44,2005,84.00376899999999
F,44,2006,85.849358
F,44,2007,86.148483
F,44,2008,87.104927
F,44,2009,85.246048
F,44,2010,86.662949
F,44,2011,86.5242
F,44,2012,85.706177
F,44,2013,86.119438
F,44,2014,86.368782
F,45,2001,82.595329
F,45,2002,85.030281
F,45,2003,84.241371
F,45,2004,84.983887
F,45,2005,85.668205
F,45,2006,85.526108
F,45,2007,85.831085
F,45,2008,86.131584
F,45,2009,86.303268
F,45,2010,86.53971899999999
F,45,2011,85.735924
F,45,2012,85.78009
F,45,2013,86.796249
F,45,2014,86.831024
F,46,2001,84.179672
F,46,2002,84.885384
F,46,2003,84.73138399999999
F,46,2004,84.37674
F,46,2005,85.02959399999999
F,46,2006,85.247299
F,46,2007,85.290207
F,46,2008,86.925156
F,46,2009,85.456848
F,46,2010,86.282158
F,46,2011,86.16069
F,46,2012,86.05416899999999
F,46,2013,85.33374
F,46,2014,86.286034
F,47,2001,83.062065
F,47,2002,84.843575
F,47,2003,84.29734
F,47,2004,85.37706800000001
F,47,2005,85.440834
F,47,2006,85.819641
F,47,2007,85.910042
F,47,2008,86.462379
F,47,2009,86.183617
F,47,2010,86.41984599999999
F,47,2011,86.957413
F,47,2012,86.175133
F,47,2013,86.617149
F,47,2014,86.709358
F,48,2001,84.463898
F,48,2002,84.516586
F,48,2003,85.377769
F,48,2004,85.505531
F,48,2005,85.763451
F,48,2006,84.983124
F,48,2007,84.431725
F,48,2008,86.79390699999999
F,48,2009,85.63963299999999
F,48,2010,86.576553
F,48,2011,87.31179
F,48,2012,86.287163
F,48,2013,86.424934
F,48,2014,87.175514
F,49,2001,84.301888
F,49,2002,85.181961
F,49,2003,84.71611
F,49,2004,84.86702
F,49,2005,85.91810600000001
F,49,2006,85.969353
F,49,2007,85.48541999999999
F,49,2008,86.191902
F,49,2009,86.916016
F,49,2010,85.34581
F,49,2011,86.73530600000001
F,49,2012,86.29261
F,49,2013,87.078682
F,49,2014,86.24073
F,50,2001,84.007301
F,50,2002,83.9422
F,50,2003,84.81189
F,50,2004,85.094879
F,50,2005,85.82605699999999
F,50,2006,86.534233
F,50,2007,85.778481
F,50,2008,85.231339
F,50,2009,86.811081
F,50,2010,87.070305
F,50,2011,86.806648
F,50,2012,86.617142
F,50,2013,85.927711
F,50,2014,87.160202
F,51,2001,84.417709
F,51,2002,85.561234
F,51,2003,84.856201
F,51,2004,84.723137
F,51,2005,84.400848
F,51,2006,85.609818
F,51,2007,85.988007
F,51,2008,86.924835
F,51,2009,87.113686
F,51,2010,86.879181
F,51,2011,86.634354
F,51,2012,85.923805
F,51,2013,85.97283900000001
F,51,2014,87.410072
F,52,2001,83.423187
F,52,2002,85.619888
F,52,2003,84.872879
F,52,2004,85.021439
F,52,2005,84.70238499999999
F,52,2006,85.188263
F,52,2007,86.140923
F,52,2008,85.94787600000001
F,52,2009,86.458603
F,52,2010,85.749504
F,52,2011,87.430717
F,52,2012,86.09874
F,52,2013,87.266571
F,52,2014,87.681061
F,53,2001,83.48062900000001
F,53,2002,84.874771
F,53,2003,85.768585
F,53,2004,85.57866700000001
F,53,2005,85.395004
F,53,2006,86.157036
F,53,2007,85.864418
F,53,2008,86.155502
F,53,2009,86.159576
F,53,2010,86.97614300000001
F,53,2011,86.804253
F,53,2012,86.709061
F,53,2013,86.793297
F,53,2014,87.49101999999999
F,54,2001,84.74629200000001
F,54,2002,85.529114
F,54,2003,84.38803100000001
F,54,2004,84.740829
F,54,2005,85.376389
F,54,2006,86.347298
F,54,2007,86.01429
F,54,2008,86.714134
F,54,2009,85.95742
F,54,2010,86.20352199999999
F,54,2011,86.667
F,54,2012,86.622116
F,54,2013,87.210335
F,54,2014,87.15979
F,55,2001,84.47796600000001
F,55,2002,84.57659100000001
F,55,2003,85.037247
F,55,2004,84.921204
F,55,2005,85.115814
F,55,2006,85.717232
F,55,2007,85.23848000000001
F,55,2008,86.540329
F,55,2009,86.52574200000001
F,55,2010,87.348236
F,55,2011,86.894424
F,55,2012,86.527649
F,55,2013,86.764397
F,55,2014,86.410645
F,56,2001,83.809212
F,56,2002,83.857552
F,56,2003,85.552185
F,56,2004,84.917358
F,56,2005,85.578133
F,56,2006,85.828827
F,56,2007,86.817589
F,56,2008,86.597412
F,56,2009,86.908676
F,56,2010,86.734337
F,56,2011,87.319702
F,56,2012,87.500107
F,56,2013,86.37260400000001
F,56,2014,86.745361
F,57,2001,83.438812
F,57,2002,86.56575
F,57,2003,84.500282
F,57,2004,84.584099
F,57,2005,85.451279
F,57,2006,86.7323
F,57,2007,86.95497900000001
F,57,2008,86.4758
F,57,2009,87.16579399999999
F,57,2010,86.465065
F,57,2011,86.706802
F,57,2012,87.31231700000001
F,57,2013,86.530807
F,57,2014,87.623421
F,58,2001,84.162315
F,58,2002,84.728027
F,58,2003,84.960121
F,58,2004,84.425888
F,58,2005,85.289772
F,58,2006,84.94586899999999
F,58,2007,85.75621
F,58,2008,86.824348
F,58,2009,86.033173
F,58,2010,88.100433
F,58,2011,86.972435
F,58,2012,87.859589
F,58,2013,88.196373
F,58,2014,87.865875
F,59,2001,85.10507199999999
F,59,2002,85.05632800000001
F,59,2003,84.967285
F,59,2004,85.233009
F,59,2005,85.600563
F,59,2006,86.554573
F,59,2007,86.841789
F,59,2008,88.025177
F,59,2009,87.251488
F,59,2010,86.902748
F,59,2011,87.747208
F,59,2012,87.150276
F,59,2013,86.97464000000001
F,59,2014,87.250969
F,60,2001,83.747734
F,60,2002,84.38685600000001
F,60,2003,83.810654
F,60,2004,85.837906
F,60,2005,85.157455
F,60,2006,85.349876
F,60,2007,86.97983599999999
F,60,2008,86.245125
F,60,2009,87.079788
F,60,2010,86.360268
F,60,2011,87.27514599999999
F,60,2012,87.03379100000001
F,60,2013,87.594254
F,60,2014,86.634415
F,61,2001,83.60054000000001
F,61,2002,85.283913
F,61,2003,85.199562
F,61,2004,86.832458
F,61,2005,86.563499
F,61,2006,86.35775
F,61,2007,86.890755
F,61,2008,86.809937
F,61,2009,85.977425
F,61,2010,87.199951
F,61,2011,87.988457
F,61,2012,86.91373399999999
F,61,2013,87.09830500000001
F,61,2014,87.228699
F,62,2001,85.685402
F,62,2002,85.782288
F,62,2003,85.79900400000001
F,62,2004,85.738449
F,62,2005,86.510429
F,62,2006,85.638733
F,62,2007,86.894539
F,62,2008,87.537415
F,62,2009,86.95683299999999
F,62,2010,87.82899499999999
F,62,2011,86.79628000000001
F,62,2012,86.760788
F,62,2013,87.572502
F,62,2014,87.24382
F,63,2001,84.006683
F,63,2002,85.24939
F,63,2003,86.494553
F,63,2004,84.649315
F,63,2005,85.776291
F,63,2006,85.549065
F,63,2007,87.501801
F,63,2008,87.451309
F,63,2009,87.58671600000001
F,63,2010,88.524078
F,63,2011,88.14406600000001
F,63,2012,87.56012
F,63,2013,88.240868
F,63,2014,88.02714499999999
F,64,2001,84.437996
F,64,2002,84.45742800000001
F,64,2003,85.52002
F,64,2004,85.73511500000001
F,64,2005,86.635971
F,64,2006,87.628136
F,64,2007,86.12468
F,64,2008,86.662361
F,64,2009,87.448326
F,64,2010,86.42830699999999
F,64,2011,88.579704
F,64,2012,86.944092
F,64,2013,88.894547
F,64,2014,87.83326
F,65,2001,84.08779100000001
F,65,2002,84.76488499999999
F,65,2003,85.502907
F,65,2004,84.02561999999999
F,65,2005,84.125977
F,65,2006,85.978973
F,65,2007,86.59024000000001
F,65,2008,86.62226899999999
F,65,2009,87.736565
F,65,2010,87.071854
F,65,2011,87.560738
F,65,2012,88.19091
F,65,2013,87.162437
F,65,2014,87.949921
F,66,2001,85.85204300000001
F,66,2002,85.367325
F,66,2003,85.973778
F,66,2004,86.48365799999999
F,66,2005,86.725075
F,66,2006,87.432648
F,66,2007,86.177635
F,66,2008,86.844421
F,66,2009,87.344269
F,66,2010,88.239807
F,66,2011,86.88893900000001
F,66,2012,86.7771
F,66,2013,87.43267800000001
F,66,2014,87.92083000000001
F,67,2001,85.763885
F,67,2002,84.286179
F,67,2003,83.564133
F,67,2004,86.07177
F,67,2005,86.89909399999999
F,67,2006,86.156868
F,67,2007,86.529083
F,67,2008,86.96946
F,67,2009,86.617233
F,67,2010,86.967392
F,67,2011,87.901398
F,67,2012,86.49906899999999
F,67,2013,88.710526
F,67,2014,87.121902
F,68,2001,84.0261
F,68,2002,82.970238
F,68,2003,85.842987
F,68,2004,84.422668
F,68,2005,86.329628
F,68,2006,86.604469
F,68,2007,86.604675
F,68,2008,88.017212
F,68,2009,87.765221
F,68,2010,87.47515899999999
F,68,2011,86.982788
F,68,2012,88.48561099999999
F,68,2013,86.953575
F,68,2014,88.113724
F,69,2001,86.058601
F,69,2002,84.68085500000001
F,69,2003,84.506271
F,69,2004,85.614937
F,69,2005,86.11409
F,69,2006,85.542419
F,69,2007,86.849747
F,69,2008,87.619156
F,69,2009,86.642052
F,69,2010,88.17474399999999
F,69,2011,88.150124
F,69,2012,87.438568
F,69,2013,88.545097
F,69,2014,88.553078
F,70,2001,84.605713
F,70,2002,84.337021
F,70,2003,85.679558
F,70,2004,86.493935
F,70,2005,86.18306
F,70,2006,86.03801700000001
F,70,2007,84.85078399999999
F,70,2008,87.544197
F,70,2009,87.61940799999999
F,70,2010,87.052948
F,70,2011,87.793762
F,70,2012,88.954063
F,70,2013,88.175613
F,70,2014,87.673416
F,71,2001,85.526924
F,71,2002,85.52784
F,71,2003,86.784401
F,71,2004,86.01921800000001
F,71,2005,87.395462
F,71,2006,86.50844599999999
F,71,2007,86.189751
F,71,2008,87.865822
F,71,2009,88.041557
F,71,2010,87.853561
F,71,2011,87.78067800000001
F,71,2012,88.084259
F,71,2013,89.032051
F,71,2014,88.627876
F,72,2001,84.228249
F,72,2002,85.718391
F,72,2003,84.84000400000001
F,72,2004,85.18070999999999
F,72,2005,85.773643
F,72,2006,86.793503
F,72,2007,85.935867
F,72,2008,85.373299
F,72,2009,87.79915600000001
F,72,2010,87.731468
F,72,2011,86.467247
F,72,2012,88.74477399999999
F,72,2013,88.317589
F,72,2014,88.29341099999999
F,73,2001,85.425278
F,73,2002,86.196083
F,73,2003,85.076912
F,73,2004,86.272346
F,73,2005,86.045303
F,73,2006,84.916824
F,73,2007,87.649376
F,73,2008,85.893715
F,73,2009,88.096786
F,73,2010,87.899757
F,73,2011,88.280602
F,73,2012,87.91256700000001
F,73,2013,87.42441600000001
F,73,2014,87.845612
F,74,2001,85.09404
F,74,2002,85.450485
F,74,2003,84.367897
F,74,2004,86.521446
F,74,2005,87.088791
F,74,2006,86.714844
F,74,2007,87.08609799999999
F,74,2008,87.133667
F,74,2009,88.892845
F,74,2010,86.921745
F,74,2011,87.798553
F,74,2012,88.541618
F,74,2013,88.73777
F,74,2014,87.553551
F,75,2001,86.389252
F,75,2002,84.65055100000001
F,75,2003,86.406494
F,75,2004,82.624481
F,75,2005,86.262268
F,75,2006,86.10566700000001
F,75,2007,87.834717
F,75,2008,87.402847
F,75,2009,87.603996
F,75,2010,88.13028
F,75,2011,87.576759
F,75,2012,88.150581
F,75,2013,88.093399
F,75,2014,89.18780500000001
F,76,2001,85.602776
F,76,2002,86.52035500000001
F,76,2003,85.533798
F,76,2004,86.067116
F,76,2005,86.486351
F,76,2006,87.481804
F,76,2007,86.273155
F,76,2008,88.13745899999999
F,76,2009,87.74305
F,76,2010,87.965347
F,76,2011,86.570717
F,76,2012,87.953926
F,76,2013,88.62281
F,76,2014,88.005096
F,77,2001,84.43010699999999
F,77,2002,86.188828
F,77,2003,86.26514399999999
F,77,2004,86.802628
F,77,2005,86.84545899999999
F,77,2006,87.03319499999999
F,77,2007,87.39959
F,77,2008,86.991745
F,77,2009,87.758263
F,77,2010,87.593964
F,77,2011,87.599609
F,77,2012,87.47159599999999
F,77,2013,88.918182
F,77,2014,88.447395
F,78,2001,85.644226
F,78,2002,84.776093
F,78,2003,84.758606
F,78,2004,85.792084
F,78,2005,86.324425
F,78,2006,86.691765
F,78,2007,88.123077
F,78,2008,88.227814
F,78,2009,88.27076
F,78,2010,87.45082099999999
F,78,2011,88.18959
F,78,2012,88.617584
F,78,2013,88.923027
F,78,2014,88.25057199999999
F,79,2001,86.882637
F,79,2002,85.908333
F,79,2003,87.14843
F,79,2004,86.437225
F,79,2005,85.817352
F,79,2006,87.670349
F,79,2007,86.833519
F,79,2008,87.83635699999999
F,79,2009,88.624687
F,79,2010,88.187996
F,79,2011,87.654388
F,79,2012,87.877716
F,79,2013,89.768349
F,79,2014,88.790092
F,80,2001,84.235008
F,80,2002,86.189598
F,80,2003,86.876312
F,80,2004,86.945442
F,80,2005,86.432167
F,80,2006,86.248901
F,80,2007,87.77778599999999
F,80,2008,87.569138
F,80,2009,88.412483
F,80,2010,87.429642
F,80,2011,88.3255
F,80,2012,89.550262
F,80,2013,88.985802
F,80,2014,87.013039
F,81,2001,86.208199
F,81,2002,86.323555
F,81,2003,86.651848
F,81,2004,86.294945
F,81,2005,86.744423
F,81,2006,86.552559
F,81,2007,87.165215
F,81,2008,88.20156899999999
F,81,2009,88.517975
F,81,2010,88.40439599999999
F,81,2011,88.681168
F,81,2012,88.22110699999999
F,81,2013,88.833061
F,81,2014,88.198761
F,82,2001,86.956879
F,82,2002,86.869118
F,82,2003,85.530006
F,82,2004,86.59401700000001
F,82,2005,88.37222299999999
F,82,2006,86.528435
F,82,2007,87.470734
F,82,2008,87.706017
F,82,2009,86.535538
F,82,2010,87.52346800000001
F,82,2011,89.009979
F,82,2012,89.29585300000001
F,82,2013,89.59875500000001
F,82,2014,88.852409
F,83,2001,84.503052
F,83,2002,86.221802
F,83,2003,85.676895
F,83,2004,86.44547299999999
F,83,2005,85.775368
F,83,2006,87.355598
F,83,2007,87.446167
F,83,2008,87.76280200000001
F,83,2009,89.029106
F,83,2010,87.402817
F,83,2011,88.49861899999999
F,83,2012,88.785187
F,83,2013,87.89247900000001
F,83,2014,89.43489100000001
F,84,2001,85.494476
F,84,2002,86.994904
F,84,2003,86.879372
F,84,2004,87.707413
F,84,2005,87.634842
F,84,2006,87.150719
F,84,2007,87.692543
F,84,2008,87.915939
F,84,2009,87.834564
F,84,2010,87.863213
F,84,2011,88.724884
F,84,2012,89.322868
F,84,2013,87.59477199999999
F,84,2014,88.295105
F,85,2001,84.861153
F,85,2002,87.172607
F,85,2003,85.994125
F,85,2004,86.61910999999999
F,85,2005,86.97847
F,85,2006,86.75353199999999
F,85,2007,87.608467
F,85,2008,88.870377
F,85,2009,88.569695
F,85,2010,89.43227399999999
F,85,2011,87.50930799999999
F,85,2012,88.540382
F,85,2013,88.770981
F,85,2014,88.834785
F,86,2001,86.56021899999999
F,86,2002,86.142227
F,86,2003,85.946907
F,86,2004,88.327072
F,86,2005,86.667519
F,86,2006,87.37140699999999
F,86,2007,89.019409
F,86,2008,87.660713
F,86,2009,88.484062
F,86,2010,87.98111
F,86,2011,89.064049
F,86,2012,89.087097
F,86,2013,88.882401
F,86,2014,89.935745
F,87,2001,85.572525
F,87,2002,88.251366
F,87,2003,86.641571
F,87,2004,86.977333
F,87,2005,86.431335
F,87,2006,87.527435
F,87,2007,87.282761
F,87,2008,88.780022
F,87,2009,88.20609300000001
F,87,2010,88.91529799999999
F,87,2011,89.249084
F,87,2012,89.542358
F,87,2013,88.48342099999999
F,87,2014,89.257889
F,88,2001,86.151909
F,88,2002,85.538689
F,88,2003,86.33195500000001
F,88,2004,87.424255
F,88,2005,87.461845
F,88,2006,87.580765
F,88,2007,87.620888
F,88,2008,87.80806
F,88,2009,87.17596400000001
F,88,2010,89.425484
F,88,2011,88.423538
F,88,2012,89.124306
F,88,2013,88.166466
F,88,2014,88.988472
F,89,2001,87.29985
F,89,2002,86.275948
F,89,2003,87.027679
F,89,2004,88.438797
F,89,2005,88.492409
F,89,2006,87.900894
F,89,2007,88.714302
F,89,2008,87.813339
F,89,2009,87.246368
F,89,2010,88.534904
F,89,2011,88.708763
F,89,2012,88.113724
F,89,2013,89.338196
F,89,2014,90.168198
F,90,2001,86.59638199999999
F,90,2002,86.37445100000001
F,90,2003,86.406868
F,90,2004,87.39415
F,90,2005,87.837914
F,90,2006,87.618309
F,90,2007,86.94294000000001
F,90,2008,88.284225
F,90,2009,87.934097
F,90,2010,88.414925
F,90,2011,87.971748
F,90,2012,87.669228
F,90,2013,88.54847
F,90,2014,88.989159
F,91,2001,86.988373
F,91,2002,86.587868
F,91,2003,87.50200699999999
F,91,2004,86.516411
F,91,2005,87.141785
F,91,2006,88.81044
F,91,2007,89.088402
F,91,2008,88.171204
F,91,2009,89.35030400000001
F,91,2010,89.623627
F,91,2011,88.85455300000001
F,91,2012,89.68630999999999
F,91,2013,89.286514
F,91,2014,88.276871
F,92,2001,87.41449
F,92,2002,86.260292
F,92,2003,87.63125600000001
F,92,2004,89.106842
F,92,2005,87.08809699999999
F,92,2006,87.354446
F,92,2007,88.503799
F,92,2008,88.512955
F,92,2009,89.047729
F,92,2010,88.69528199999999
F,92,2011,89.08528100000001
F,92,2012,89.50676
F,92,2013,90.132408
F,92,2014,89.734375
F,93,2001,87.83129100000001
F,93,2002,85.922539
F,93,2003,87.209091
F,93,2004,87.561623
F,93,2005,87.18267800000001
F,93,2006,87.815826
F,93,2007,89.036858
F,93,2008,88.733078
F,93,2009,88.96817
F,93,2010,88.89726999999999
F,93,2011,88.562119
F,93,2012,89.215126
F,93,2013,90.293602
F,93,2014,89.660004
F,94,2001,86.33496099999999
F,94,2002,87.23333000000001
F,94,2003,87.366577
F,94,2004,88.267319
F,94,2005,87.801903
F,94,2006,87.769379
F,94,2007,89.443275
F,94,2008,88.624382
F,94,2009,88.13588
F,94,2010,89.127762
F,94,2011,89.338135
F,94,2012,89.36174
F,94,2013,89.36529499999999
F,94,2014,89.801834
F,95,2001,86.43400600000001
F,95,2002,87.642487
F,95,2003,88.453316
F,95,2004,86.596626
F,95,2005,87.864311
F,95,2006,89.11013
F,95,2007,89.190788
F,95,2008,89.217827
F,95,2009,88.76329799999999
F,95,2010,89.878555
F,95,2011,89.386894
F,95,2012,89.48648100000001
F,95,2013,90.379509
F,95,2014,90.263474
F,96,2001,87.98043100000001
F,96,2002,86.851303
F,96,2003,86.915024
F,96,2004,87.66024
F,96,2005,88.112923
F,96,2006,88.315506
F,96,2007,89.59612299999999
F,96,2008,89.661034
F,96,2009,89.68821
F,96,2010,89.206047
F,96,2011,89.227402
F,96,2012,89.346748
F,96,2013,89.905815
F,96,2014,89.390488
F,97,2001,87.451424
F,97,2002,88.036369
F,97,2003,87.086823
F,97,2004,88.727913
F,97,2005,87.648163
F,97,2006,88.416748
F,97,2007,89.998749
F,97,2008,89.63938900000001
F,97,2009,89.67289699999999
F,97,2010,88.696251
F,97,2011,89.01812
F,97,2012,89.864525
F,97,2013,89.603523
F,97,2014,90.305283
F,98,2001,88.543671
F,98,2002,85.307808
F,98,2003,87.724846
F,98,2004,88.928299
F,98,2005,88.449699
F,98,2006,88.124794
F,98,2007,88.895645
F,98,2008,89.584572
F,98,2009,89.62518299999999
F,98,2010,88.206581
F,98,2011,89.385361
F,98,2012,89.422096
F,98,2013,90.020348
F,98,2014,89.61120600000001
F,99,2001,86.663712
F,99,2002,86.167862
F,99,2003,88.294525
F,99,2004,88.077797
F,99,2005,88.88385799999999
F,99,2006,89.01374100000001
F,99,2007,89.1213
F,99,2008,89.18339499999999
F,99,2009,89.797478
F,99,2010,89.66334499999999
F,99,2011,90.26619000000001
F,99,2012,90.580864
F,99,2013,90.18141899999999
F,99,2014,89.998306
F,100,2001,88.38344599999999
F,100,2002,87.12323
F,100,2003,89.01657900000001
F,100,2004,89.2052
F,100,2005,89.126083
F,100,2006,88.79499799999999
F,100,2007,89.166046
F,100,2008,89.64415
F,100,2009,90.877426
F,100,2010,89.868301
F,100,2011,90.16370400000001
F,100,2012,90.939316
F,100,2013,90.468498
F,100,2014,91.076477
M,1,2001,73.35743000000001
M,1,2002,71.936584
M,1,2003,72.029266
M,1,2004,72.95515400000001
M,1,2005,72.551582
M,1,2006,72.63754300000001
M,1,2007,72.421242
M,1,2008,72.663628
M,1,2009,68.343384
M,1,2010,72.926254
M,1,2011,73.181046
M,1,2012,72.674026
M,1,2013,73.094078
M,1,2014,73.36419699999999
M,2,2001,74.056679
M,2,2002,73.600243
M,2,2003,73.816917
M,2,2004,74.68956800000001
M,2,2005,74.71933
M,2,2006,74.327881
M,2,2007,74.17896999999999
M,2,2008,74.809448
M,2,2009,73.136993
M,2,2010,74.169403
M,2,2011,74.317932
M,2,2012,74.505096
M,2,2013,75.261154
M,2,2014,75.07225
M,3,2001,75.195419
M,3,2002,75.064751
M,3,2003,74.816833
M,3,2004,75.76892099999999
M,3,2005,75.816132
M,3,2006,75.60575899999999
M,3,2007,76.601753
M,3,2008,75.376129
M,3,2009,74.80789200000001
M,3,2010,75.420563
M,3,2011,76.132401
M,3,2012,75.41748
M,3,2013,75.639534
M,3,2014,75.170227
M,4,2001,76.45755799999999
M,4,2002,75.574989
M,4,2003,75.63775600000001
M,4,2004,75.32592
M,4,2005,76.00235
M,4,2006,76.501976
M,4,2007,76.181412
M,4,2008,75.70475
M,4,2009,75.597862
M,4,2010,76.025017
M,4,2011,76.716454
M,4,2012,75.814743
M,4,2013,76.03315699999999
M,4,2014,76.271652
M,5,2001,76.197342
M,5,2002,76.136131
M,5,2003,76.01042199999999
M,5,2004,76.36608100000001
M,5,2005,76.260056
M,5,2006,76.538399
M,5,2007,76.319717
M,5,2008,76.76400799999999
M,5,2009,75.678368
M,5,2010,76.113747
M,5,2011,76.094116
M,5,2012,76.215599
M,5,2013,75.81259200000001
M,5,2014,76.585335
M,6,2001,75.408272
M,6,2002,76.382202
M,6,2003,75.944992
M,6,2004,76.771568
M,6,2005,76.9338
M,6,2006,76.255661
M,6,2007,76.99855
M,6,2008,76.44459499999999
M,6,2009,75.834808
M,6,2010,76.95723000000001
M,6,2011,76.248199
M,6,2012,76.10305799999999
M,6,2013,75.99700899999999
M,6,2014,76.961548
M,7,2001,76.042953
M,7,2002,75.496422
M,7,2003,76.777512
M,7,2004,76.362633
M,7,2005,76.198257
M,7,2006,76.147171
M,7,2007,76.70039399999999
M,7,2008,76.440498
M,7,2009,76.061317
M,7,2010,76.79563900000001
M,7,2011,76.518852
M,7,2012,76.565536
M,7,2013,76.325012
M,7,2014,76.166847
M,8,2001,75.032036
M,8,2002,75.698166
M,8,2003,75.788956
M,8,2004,76.296364
M,8,2005,76.32032
M,8,2006,76.396446
M,8,2007,76.286041
M,8,2008,75.89373
M,8,2009,75.51835600000001
M,8,2010,76.337814
M,8,2011,77.27716099999999
M,8,2012,75.42873399999999
M,8,2013,75.640541
M,8,2014,77.165527
M,9,2001,75.39852900000001
M,9,2002,74.88679499999999
M,9,2003,75.554008
M,9,2004,76.0187
M,9,2005,75.680725
M,9,2006,76.200928
M,9,2007,76.806389
M,9,2008,75.82086899999999
M,9,2009,76.246353
M,9,2010,77.03850600000001
M,9,2011,76.639709
M,9,2012,76.230194
M,9,2013,76.90169499999999
M,9,2014,77.369072
M,10,2001,75.80004100000001
M,10,2002,75.640793
M,10,2003,75.67997700000001
M,10,2004,76.471954
M,10,2005,76.198219
M,10,2006,76.40677600000001
M,10,2007,76.239754
M,10,2008,76.85672
M,10,2009,75.915825
M,10,2010,77.245224
M,10,2011,77.453239
M,10,2012,76.388283
M,10,2013,76.730614
M,10,2014,76.621315
M,11,2001,75.810158
M,11,2002,75.328918
M,11,2003,75.902428
M,11,2004,76.583977
M,11,2005,76.118881
M,11,2006,75.939026
M,11,2007,76.293175
M,11,2008,76.223381
M,11,2009,76.270424
M,11,2010,77.282562
M,11,2011,76.715622
M,11,2012,76.899239
M,11,2013,77.116394
M,11,2014,77.235008
M,12,2001,75.57592
M,12,2002,75.947487
M,12,2003,75.600769
M,12,2004,76.838219
M,12,2005,76.239777
M,12,2006,75.95970200000001
M,12,2007,76.665543
M,12,2008,76.68431899999999
M,12,2009,77.631027
M,12,2010,75.775917
M,12,2011,77.444824
M,12,2012,76.849564
M,12,2013,76.110977
M,12,2014,77.470123
M,13,2001,76.080811
M,13,2002,75.75
M,13,2003,75.598083
M,13,2004,76.70948
M,13,2005,76.201111
M,13,2006,77.209236
M,13,2007,76.778763
M,13,2008,76.465591
M,13,2009,76.89613299999999
M,13,2010,77.094826
M,13,2011,76.66629
M,13,2012,76.636238
M,13,2013,77.772827
M,13,2014,77.419472
M,14,2001,75.3946
M,14,2002,75.73788499999999
M,14,2003,75.856018
M,14,2004,75.511215
M,14,2005,77.194962
M,14,2006,76.905518
M,14,2007,77.9468
M,14,2008,76.55184200000001
M,14,2009,76.94162800000001
M,14,2010,77.392143
M,14,2011,77.141487
M,14,2012,77.276733
M,14,2013,77.323952
M,14,2014,77.883583
M,15,2001,76.708694
M,15,2002,76.048126
M,15,2003,76.777946
M,15,2004,75.956947
M,15,2005,76.958015
M,15,2006,76.627045
M,15,2007,78.028648
M,15,2008,76.962463
M,15,2009,76.694237
M,15,2010,77.49985500000001
M,15,2011,76.77696999999999
M,15,2012,77.21713299999999
M,15,2013,76.916519
M,15,2014,77.712082
M,16,2001,76.17643699999999
M,16,2002,76.580292
M,16,2003,77.178108
M,16,2004,77.162491
M,16,2005,76.615974
M,16,2006,77.575684
M,16,2007,77.647865
M,16,2008,77.449493
M,16,2009,77.590485
M,16,2010,77.504356
M,16,2011,77.151115
M,16,2012,77.23075899999999
M,16,2013,77.104019
M,16,2014,77.302521
M,17,2001,76.168976
M,17,2002,76.63556700000001
M,17,2003,76.822174
M,17,2004,76.871391
M,17,2005,77.387054
M,17,2006,78.243538
M,17,2007,77.624374
M,17,2008,78.40765400000001
M,17,2009,77.757538
M,17,2010,78.10333299999999
M,17,2011,77.61077900000001
M,17,2012,77.040604
M,17,2013,77.775284
M,17,2014,78.39888
M,18,2001,76.543175
M,18,2002,77.007591
M,18,2003,76.438354
M,18,2004,77.253876
M,18,2005,77.315262
M,18,2006,77.266747
M,18,2007,77.49852
M,18,2008,77.488823
M,18,2009,77.895782
M,18,2010,76.925163
M,18,2011,77.530899
M,18,2012,77.50636300000001
M,18,2013,77.234291
M,18,2014,77.666542
M,19,2001,77.078041
M,19,2002,76.756241
M,19,2003,77.294189
M,19,2004,78.442841
M,19,2005,76.967079
M,19,2006,77.694862
M,19,2007,77.714973
M,19,2008,78.746887
M,19,2009,78.104675
M,19,2010,78.230682
M,19,2011,78.356033
M,19,2012,77.82157099999999
M,19,2013,77.147446
M,19,2014,78.877945
M,20,2001,76.876114
M,20,2002,77.888733
M,20,2003,77.372322
M,20,2004,77.15572399999999
M,20,2005,78.038239
M,20,2006,77.731461
M,20,2007,78.968559
M,20,2008,78.18615
M,20,2009,77.460335
M,20,2010,78.779945
M,20,2011,78.05935699999999
M,20,2012,78.86484499999999
M,20,2013,78.035095
M,20,2014,79.135109
M,21,2001,77.156258
M,21,2002,77.52136999999999
M,21,2003,77.421288
M,21,2004,77.56121800000001
M,21,2005,78.098564
M,21,2006,78.110077
M,21,2007,78.89875
M,21,2008,78.067627
M,21,2009,78.053223
M,21,2010,78.56588
M,21,2011,77.89263199999999
M,21,2012,78.576263
M,21,2013,78.481308
M,21,2014,79.000671
M,22,2001,77.881157
M,22,2002,77.20630600000001
M,22,2003,77.77475
M,22,2004,78.023788
M,22,2005,78.008545
M,22,2006,78.03523299999999
M,22,2007,78.583076
M,22,2008,78.08161899999999
M,22,2009,78.3116
M,22,2010,78.650635
M,22,2011,79.069328
M,22,2012,78.97560899999999
M,22,2013,78.67469
M,22,2014,79.292397
M,23,2001,76.92935899999999
M,23,2002,77.949066
M,23,2003,77.59964000000001
M,23,2004,78.023232
M,23,2005,78.300812
M,23,2006,78.15329
M,23,2007,78.896919
M,23,2008,78.232063
M,23,2009,78.512878
M,23,2010,78.748459
M,23,2011,79.144485
M,23,2012,78.294777
M,23,2013,78.958527
M,23,2014,78.730293
M,24,2001,78.21006
M,24,2002,77.567162
M,24,2003,77.682068
M,24,2004,79.12894399999999
M,24,2005,78.666656
M,24,2006,79.264595
M,24,2007,79.46106
M,24,2008,78.688805
M,24,2009,79.309296
M,24,2010,79.387283
M,24,2011,79.151352
M,24,2012,79.542763
M,24,2013,78.91481
M,24,2014,79.562813
M,25,2001,77.873222
M,25,2002,78.435631
M,25,2003,78.55751
M,25,2004,77.779655
M,25,2005,78.054688
M,25,2006,78.907059
M,25,2007,79.555832
M,25,2008,78.90168
M,25,2009,78.891075
M,25,2010,78.487877
M,25,2011,79.05381
M,25,2012,79.21934499999999
M,25,2013,79.148552
M,25,2014,79.50676700000001
M,26,2001,78.748016
M,26,2002,77.417221
M,26,2003,78.244286
M,26,2004,78.466438
M,26,2005,78.675522
M,26,2006,78.566353
M,26,2007,79.722229
M,26,2008,78.676582
M,26,2009,78.554123
M,26,2010,79.54718000000001
M,26,2011,79.510452
M,26,2012,78.957031
M,26,2013,79.084724
M,26,2014,79.429344
M,27,2001,78.12380999999999
M,27,2002,78.155106
M,27,2003,78.29145799999999
M,27,2004,77.62355
M,27,2005,79.599968
M,27,2006,79.11421999999999
M,27,2007,79.940086
M,27,2008,78.736313
M,27,2009,79.106476
M,27,2010,79.51564
M,27,2011,79.19062
M,27,2012,79.974152
M,27,2013,79.065651
M,27,2014,79.077332
M,28,2001,78.023071
M,28,2002,77.990402
M,28,2003,79.236435
M,28,2004,78.679703
M,28,2005,79.605476
M,28,2006,79.603477
M,28,2007,79.938843
M,28,2008,78.957237
M,28,2009,79.020935
M,28,2010,79.646782
M,28,2011,80.06218
M,28,2012,79.01520500000001
M,28,2013,79.193382
M,28,2014,79.817223
M,29,2001,78.485786
M,29,2002,78.786751
M,29,2003,79.21145600000001
M,29,2004,78.586037
M,29,2005,79.549362
M,29,2006,79.348579
M,29,2007,79.449974
M,29,2008,79.62116999999999
M,29,2009,78.826775
M,29,2010,80.622185
M,29,2011,81.160294
M,29,2012,79.590103
M,29,2013,79.481789
M,29,2014,79.638176
M,30,2001,78.066978
M,30,2002,78.912094
M,30,2003,78.19309200000001
M,30,2004,79.243279
M,30,2005,78.81993100000001
M,30,2006,79.813622
M,30,2007,80.239487
M,30,2008,79.498566
M,30,2009,79.70300300000001
M,30,2010,79.881874
M,30,2011,79.241348
M,30,2012,80.057968
M,30,2013,79.354576
M,30,2014,80.628387
M,31,2001,78.687973
M,31,2002,78.96112099999999
M,31,2003,78.446304
M,31,2004,79.870834
M,31,2005,80.528809
M,31,2006,80.144829
M,31,2007,80.359276
M,31,2008,79.683151
M,31,2009,79.214539
M,31,2010,80.21108199999999
M,31,2011,80.608627
M,31,2012,80.50836899999999
M,31,2013,79.017776
M,31,2014,79.634148
M,32,2001,78.54811099999999
M,32,2002,78.957397
M,32,2003,79.371773
M,32,2004,79.904404
M,32,2005,79.836678
M,32,2006,79.590546
M,32,2007,80.541084
M,32,2008,80.325638
M,32,2009,80.37198599999999
M,32,2010,80.191193
M,32,2011,79.694229
M,32,2012,80.390732
M,32,2013,79.720116
M,32,2014,79.045563
M,33,2001,79.315239
M,33,2002,78.497375
M,33,2003,80.39813199999999
M,33,2004,79.359589
M,33,2005,80.239304
M,33,2006,80.508255
M,33,2007,80.3162
M,33,2008,79.985962
M,33,2009,80.505424
M,33,2010,80.647667
M,33,2011,80.28944399999999
M,33,2012,79.51101700000001
M,33,2013,79.97890500000001
M,33,2014,81.243477
M,34,2001,79.114822
M,34,2002,79.66674
M,34,2003,80.05686999999999
M,34,2004,80.191956
M,34,2005,80.592499
M,34,2006,80.724129
M,34,2007,80.26911899999999
M,34,2008,80.813965
M,34,2009,80.79555500000001
M,34,2010,80.735054
M,34,2011,80.477676
M,34,2012,80.282143
M,34,2013,80.29435
M,34,2014,79.954094
M,35,2001,78.680634
M,35,2002,79.652023
M,35,2003,79.500977
M,35,2004,79.86970500000001
M,35,2005,79.308952
M,35,2006,80.429146
M,35,2007,81.273933
M,35,2008,80.965385
M,35,2009,81.22171800000001
M,35,2010,81.76149699999999
M,35,2011,81.15594499999999
M,35,2012,81.382324
M,35,2013,80.29383100000001
M,35,2014,81.13426199999999
M,36,2001,79.843163
M,36,2002,80.153313
M,36,2003,79.204918
M,36,2004,80.482384
M,36,2005,80.428551
M,36,2006,80.942802
M,36,2007,80.996078
M,36,2008,80.837158
M,36,2009,81.485825
M,36,2010,81.676613
M,36,2011,81.501175
M,36,2012,80.83239
M,36,2013,81.322968
M,36,2014,81.207123
M,37,2001,80.732796
M,37,2002,80.23898299999999
M,37,2003,80.46907
M,37,2004,80.72269399999999
M,37,2005,81.09075899999999
M,37,2006,81.048126
M,37,2007,81.051666
M,37,2008,80.480499
M,37,2009,81.19238299999999
M,37,2010,81.16885400000001
M,37,2011,81.702454
M,37,2012,80.957626
M,37,2013,81.76149699999999
M,37,2014,80.941185
M,38,2001,79.408524
M,38,2002,79.723221
M,38,2003,80.191261
M,38,2004,81.20523100000001
M,38,2005,81.306282
M,38,2006,80.458038
M,38,2007,81.344818
M,38,2008,80.801964
M,38,2009,80.850876
M,38,2010,82.485962
M,38,2011,81.936432
M,38,2012,81.5326
M,38,2013,81.176071
M,38,2014,82.288864
M,39,2001,81.119553
M,39,2002,80.814995
M,39,2003,80.32196
M,39,2004,79.859596
M,39,2005,80.56465899999999
M,39,2006,80.636986
M,39,2007,81.40374
M,39,2008,82.093819
M,39,2009,81.22077900000001
M,39,2010,81.14534
M,39,2011,82.679909
M,39,2012,81.82096899999999
M,39,2013,80.74185899999999
M,39,2014,82.091171
M,40,2001,79.76690699999999
M,40,2002,80.442879
M,40,2003,80.836533
M,40,2004,81.07869000000001
M,40,2005,82.024101
M,40,2006,80.91755699999999
M,40,2007,82.50032
M,40,2008,82.312004
M,40,2009,81.02668
M,40,2010,81.95179
M,40,2011,82.392326
M,40,2012,80.880074
M,40,2013,81.97287
M,40,2014,82.00574499999999
M,41,2001,80.306839
M,41,2002,80.54982
M,41,2003,80.797516
M,41,2004,81.794525
M,41,2005,81.600914
M,41,2006,81.584824
M,41,2007,82.395691
M,41,2008,82.329018
M,41,2009,81.253807
M,41,2010,81.439133
M,41,2011,82.844559
M,41,2012,81.402916
M,41,2013,81.98093399999999
M,41,2014,82.138458
M,42,2001,80.67068499999999
M,42,2002,79.791824
M,42,2003,81.368263
M,42,2004,80.761528
M,42,2005,81.360191
M,42,2006,81.658661
M,42,2007,82.1082
M,42,2008,82.090988
M,42,2009,82.06639100000001
M,42,2010,81.847626
M,42,2011,81.802864
M,42,2012,82.52131700000001
M,42,2013,81.667503
M,42,2014,82.47107700000001
M,43,2001,79.818596
M,43,2002,81.089989
M,43,2003,81.056877
M,43,2004,80.496811
M,43,2005,81.110184
M,43,2006,82.315895
M,43,2007,82.05319200000001
M,43,2008,82.805183
M,43,2009,82.35192099999999
M,43,2010,82.219894
M,43,2011,82.634651
M,43,2012,82.501427
M,43,2013,81.87831899999999
M,43,2014,82.09189599999999
M,44,2001,80.792213
M,44,2002,80.220718
M,44,2003,79.93968199999999
M,44,2004,81.267418
M,44,2005,81.890259
M,44,2006,81.424759
M,44,2007,81.77914399999999
M,44,2008,82.579002
M,44,2009,82.890511
M,44,2010,82.734344
M,44,2011,82.548126
M,44,2012,83.011414
M,44,2013,82.481247
M,44,2014,82.166275
M,45,2001,79.711052
M,45,2002,81.326027
M,45,2003,81.21144100000001
M,45,2004,80.5989
M,45,2005,81.99098199999999
M,45,2006,82.650856
M,45,2007,81.918716
M,45,2008,81.584137
M,45,2009,82.3461
M,45,2010,82.978752
M,45,2011,82.624077
M,45,2012,82.314163
M,45,2013,82.200027
M,45,2014,82.508255
M,46,2001,81.23819
M,46,2002,81.629547
M,46,2003,82.425781
M,46,2004,82.388802
M,46,2005,81.190437
M,46,2006,81.716286
M,46,2007,82.48732
M,46,2008,82.18881999999999
M,46,2009,81.512985
M,46,2010,82.167778
M,46,2011,81.930275
M,46,2012,82.306763
M,46,2013,82.842812
M,46,2014,82.368042
M,47,2001,81.090408
M,47,2002,79.646576
M,47,2003,81.225761
M,47,2004,81.92878
M,47,2005,81.376175
M,47,2006,81.952568
M,47,2007,82.191559
M,47,2008,83.103844
M,47,2009,82.447998
M,47,2010,82.983704
M,47,2011,82.397537
M,47,2012,81.82807199999999
M,47,2013,82.366188
M,47,2014,82.464851
M,48,2001,80.029625
M,48,2002,80.88119499999999
M,48,2003,80.87986
M,48,2004,80.812012
M,48,2005,82.16931899999999
M,48,2006,81.74640699999999
M,48,2007,82.204926
M,48,2008,83.17189
M,48,2009,82.620949
M,48,2010,83.387489
M,48,2011,83.286987
M,48,2012,83.502769
M,48,2013,83.056549
M,48,2014,83.395554
M,49,2001,80.586105
M,49,2002,80.145317
M,49,2003,81.255478
M,49,2004,81.97934000000001
M,49,2005,81.646408
M,49,2006,81.859802
M,49,2007,82.49524699999999
M,49,2008,83.272522
M,49,2009,82.65550999999999
M,49,2010,83.208061
M,49,2011,82.700645
M,49,2012,82.739769
M,49,2013,82.410667
M,49,2014,82.435066
M,50,2001,81.074837
M,50,2002,82.106636
M,50,2003,82.329201
M,50,2004,81.027046
M,50,2005,82.549934
M,50,2006,81.658508
M,50,2007,82.885262
M,50,2008,81.96965
M,50,2009,82.233971
M,50,2010,82.90696
M,50,2011,82.530937
M,50,2012,82.74514
M,50,2013,83.546684
M,50,2014,82.585297
M,51,2001,82.423874
M,51,2002,80.455093
M,51,2003,81.168251
M,51,2004,81.399857
M,51,2005,82.21981
M,51,2006,82.007797
M,51,2007,83.301331
M,51,2008,82.17370600000001
M,51,2009,83.851997
M,51,2010,83.34500899999999
M,51,2011,81.973686
M,51,2012,83.217484
M,51,2013,83.37706
M,51,2014,83.944725
M,52,2001,81.142136
M,52,2002,80.700218
M,52,2003,82.724113
M,52,2004,82.467552
M,52,2005,81.269524
M,52,2006,82.879311
M,52,2007,82.59174300000001
M,52,2008,82.158073
M,52,2009,83.071976
M,52,2010,82.134804
M,52,2011,83.035774
M,52,2012,83.334404
M,52,2013,82.672676
M,52,2014,83.12471
M,53,2001,80.579628
M,53,2002,81.36158
M,53,2003,82.0159
M,53,2004,82.85141
M,53,2005,82.51217700000001
M,53,2006,82.879456
M,53,2007,83.6492
M,53,2008,82.805077
M,53,2009,83.376701
M,53,2010,83.183571
M,53,2011,83.514252
M,53,2012,82.892448
M,53,2013,83.527199
M,53,2014,83.665314
M,54,2001,81.77565799999999
M,54,2002,80.882362
M,54,2003,81.720169
M,54,2004,82.119514
M,54,2005,82.800003
M,54,2006,82.56073
M,54,2007,82.381134
M,54,2008,82.775375
M,54,2009,83.253799
M,54,2010,82.285255
M,54,2011,83.09524499999999
M,54,2012,83.70111800000001
M,54,2013,83.451363
M,54,2014,83.296051
M,55,2001,81.158005
M,55,2002,82.19393199999999
M,55,2003,82.992203
M,55,2004,81.97466999999999
M,55,2005,82.084496
M,55,2006,82.15119200000001
M,55,2007,82.914505
M,55,2008,83.304497
M,55,2009,82.71994000000001
M,55,2010,83.638672
M,55,2011,83.642166
M,55,2012,82.981537
M,55,2013,82.423477
M,55,2014,83.226753
M,56,2001,81.63501
M,56,2002,82.29055
M,56,2003,81.069572
M,56,2004,82.875496
M,56,2005,82.84348299999999
M,56,2006,83.0354
M,56,2007,83.700882
M,56,2008,83.338799
M,56,2009,83.124207
M,56,2010,83.283714
M,56,2011,84.147537
M,56,2012,82.814499
M,56,2013,83.186409
M,56,2014,82.96234100000001
M,57,2001,81.301979
M,57,2002,82.445503
M,57,2003,81.07933
M,57,2004,81.167282
M,57,2005,83.045265
M,57,2006,83.041336
M,57,2007,83.498039
M,57,2008,83.738098
M,57,2009,83.32711
M,57,2010,82.971863
M,57,2011,83.285423
M,57,2012,83.029327
M,57,2013,84.280746
M,57,2014,85.041199
M,58,2001,81.475861
M,58,2002,82.32621
M,58,2003,81.59650400000001
M,58,2004,81.96255500000001
M,58,2005,83.63131
M,58,2006,83.351074
M,58,2007,84.157967
M,58,2008,82.55690799999999
M,58,2009,84.213013
M,58,2010,82.907715
M,58,2011,83.608742
M,58,2012,82.947556
M,58,2013,83.752403
M,58,2014,84.53199000000001
M,59,2001,81.272408
M,59,2002,82.809937
M,59,2003,82.499657
M,59,2004,83.16100300000001
M,59,2005,82.631233
M,59,2006,83.306747
M,59,2007,83.59719799999999
M,59,2008,83.051888
M,59,2009,83.364586
M,59,2010,83.904427
M,59,2011,83.996826
M,59,2012,83.638885
M,59,2013,82.663673
M,59,2014,83.971542
M,60,2001,81.86457800000001
M,60,2002,83.22341899999999
M,60,2003,82.45450600000001
M,60,2004,83.492859
M,60,2005,82.441475
M,60,2006,82.370003
M,60,2007,83.586288
M,60,2008,83.664185
M,60,2009,84.29229000000001
M,60,2010,83.485291
M,60,2011,84.030869
M,60,2012,84.042603
M,60,2013,83.62706800000001
M,60,2014,84.483704
M,61,2001,82.358772
M,61,2002,82.024925
M,61,2003,82.777283
M,61,2004,82.59773299999999
M,61,2005,82.467201
M,61,2006,83.262276
M,61,2007,83.601067
M,61,2008,83.72139
M,61,2009,83.229271
M,61,2010,84.117264
M,61,2011,84.613403
M,61,2012,83.89376800000001
M,61,2013,84.134254
M,61,2014,85.022148
M,62,2001,82.524559
M,62,2002,82.197395
M,62,2003,82.390579
M,62,2004,83.425751
M,62,2005,83.846489
M,62,2006,83.524826
M,62,2007,84.32086899999999
M,62,2008,82.295456
M,62,2009,83.636314
M,62,2010,83.261314
M,62,2011,84.343262
M,62,2012,83.758698
M,62,2013,84.20587900000001
M,62,2014,85.00589000000001
M,63,2001,83.44068100000001
M,63,2002,83.093094
M,63,2003,82.311226
M,63,2004,82.737099
M,63,2005,83.299995
M,63,2006,83.473679
M,63,2007,84.933868
M,63,2008,85.109741
M,63,2009,84.160103
M,63,2010,83.802132
M,63,2011,84.550026
M,63,2012,84.494217
M,63,2013,83.395676
M,63,2014,84.396378
M,64,2001,82.984245
M,64,2002,81.477753
M,64,2003,82.701035
M,64,2004,82.716049
M,64,2005,82.996437
M,64,2006,82.881416
M,64,2007,84.17132600000001
M,64,2008,83.76424399999999
M,64,2009,85.172951
M,64,2010,84.072784
M,64,2011,84.458145
M,64,2012,83.641609
M,64,2013,84.490135
M,64,2014,84.58408399999999
M,65,2001,82.400002
M,65,2002,82.847984
M,65,2003,82.740219
M,65,2004,82.84585600000001
M,65,2005,83.56920600000001
M,65,2006,83.94825
M,65,2007,84.214973
M,65,2008,84.083031
M,65,2009,85.263657
M,65,2010,83.906006
M,65,2011,83.884827
M,65,2012,84.88608599999999
M,65,2013,84.877747
M,65,2014,85.600479
M,66,2001,83.241287
M,66,2002,82.59172099999999
M,66,2003,83.751801
M,66,2004,83.35790300000001
M,66,2005,84.452759
M,66,2006,84.16583299999999
M,66,2007,83.436356
M,66,2008,83.811623
M,66,2009,84.888802
M,66,2010,83.897385
M,66,2011,84.84616899999999
M,66,2012,84.309929
M,66,2013,84.920288
M,66,2014,85.00230400000001
M,67,2001,82.152695
M,67,2002,82.660561
M,67,2003,82.88780200000001
M,67,2004,83.440239
M,67,2005,83.714462
M,67,2006,83.779732
M,67,2007,83.974068
M,67,2008,83.85114300000001
M,67,2009,84.37854
M,67,2010,85.58330500000001
M,67,2011,83.932327
M,67,2012,84.00876600000001
M,67,2013,84.852028
M,67,2014,85.42049399999999
M,68,2001,83.746643
M,68,2002,84.227036
M,68,2003,82.95938100000001
M,68,2004,84.106339
M,68,2005,83.603645
M,68,2006,85.117142
M,68,2007,84.802452
M,68,2008,84.287666
M,68,2009,83.915726
M,68,2010,84.464798
M,68,2011,85.100388
M,68,2012,85.942589
M,68,2013,85.084816
M,68,2014,85.914963
M,69,2001,82.825928
M,69,2002,82.824432
M,69,2003,83.398636
M,69,2004,83.384636
M,69,2005,83.817101
M,69,2006,84.926674
M,69,2007,83.753113
M,69,2008,84.465492
M,69,2009,84.152199
M,69,2010,84.197281
M,69,2011,83.74668100000001
M,69,2012,85.578491
M,69,2013,85.912086
M,69,2014,85.127945
M,70,2001,83.352425
M,70,2002,81.96891
M,70,2003,82.95835100000001
M,70,2004,83.054108
M,70,2005,82.80818199999999
M,70,2006,83.869247
M,70,2007,83.403778
M,70,2008,84.93504300000001
M,70,2009,84.99601700000001
M,70,2010,84.300781
M,70,2011,85.20124100000001
M,70,2012,84.71417199999999
M,70,2013,85.240776
M,70,2014,85.82045699999999
M,71,2001,82.224602
M,71,2002,83.726624
M,71,2003,83.24613199999999
M,71,2004,83.946503
M,71,2005,83.72845500000001
M,71,2006,84.71461500000001
M,71,2007,84.164764
M,71,2008,84.729263
M,71,2009,84.944878
M,71,2010,85.052681
M,71,2011,86.006119
M,71,2012,85.676941
M,71,2013,86.30529
M,71,2014,85.517044
M,72,2001,83.889748
M,72,2002,83.505913
M,72,2003,83.325539
M,72,2004,83.16686999999999
M,72,2005,84.84985400000001
M,72,2006,82.489777
M,72,2007,85.310516
M,72,2008,84.594803
M,72,2009,85.097038
M,72,2010,84.79927099999999
M,72,2011,84.336922
M,72,2012,85.314224
M,72,2013,85.69809000000001
M,72,2014,86.31504100000001
M,73,2001,83.841248
M,73,2002,82.975998
M,73,2003,83.76434300000001
M,73,2004,84.56532299999999
M,73,2005,84.15323599999999
M,73,2006,84.95414699999999
M,73,2007,85.132324
M,73,2008,86.195786
M,73,2009,85.66081199999999
M,73,2010,85.911423
M,73,2011,85.81591
M,73,2012,85.16926600000001
M,73,2013,85.848663
M,73,2014,85.057381
M,74,2001,82.67896999999999
M,74,2002,82.66838100000001
M,74,2003,83.092834
M,74,2004,83.81929000000001
M,74,2005,83.883408
M,74,2006,84.763283
M,74,2007,84.707146
M,74,2008,85.493462
M,74,2009,85.053421
M,74,2010,85.275604
M,74,2011,84.840233
M,74,2012,85.759872
M,74,2013,86.167938
M,74,2014,85.874199
M,75,2001,83.95517
M,75,2002,83.438004
M,75,2003,82.800545
M,75,2004,83.678535
M,75,2005,84.618492
M,75,2006,84.646637
M,75,2007,85.115662
M,75,2008,85.321655
M,75,2009,85.209358
M,75,2010,84.595795
M,75,2011,84.38655899999999
M,75,2012,86.19950899999999
M,75,2013,86.521263
M,75,2014,86.130455
M,76,2001,82.647095
M,76,2002,83.576347
M,76,2003,83.764786
M,76,2004,83.749847
M,76,2005,85.560577
M,76,2006,84.916763
M,76,2007,85.17115
M,76,2008,85.766922
M,76,2009,84.834625
M,76,2010,86.07688900000001
M,76,2011,85.311066
M,76,2012,86.118851
M,76,2013,84.915062
M,76,2014,86.511139
M,77,2001,83.591499
M,77,2002,83.75799599999999
M,77,2003,83.035507
M,77,2004,82.639473
M,77,2005,84.670082
M,77,2006,84.547691
M,77,2007,85.301804
M,77,2008,85.72789
M,77,2009,85.917015
M,77,2010,85.37690699999999
M,77,2011,85.473701
M,77,2012,84.757706
M,77,2013,86.427887
M,77,2014,85.704987
M,78,2001,83.599281
M,78,2002,82.663795
M,78,2003,83.558258
M,78,2004,84.399452
M,78,2005,83.999802
M,78,2006,83.858696
M,78,2007,84.557091
M,78,2008,85.735451
M,78,2009,86.043938
M,78,2010,86.48735
M,78,2011,85.517944
M,78,2012,86.039589
M,78,2013,85.20082099999999
M,78,2014,85.94830300000001
M,79,2001,82.926216
M,79,2002,84.324547
M,79,2003,83.41848
M,79,2004,83.45002
M,79,2005,83.89323399999999
M,79,2006,86.253265
M,79,2007,85.774559
M,79,2008,85.746651
M,79,2009,85.937782
M,79,2010,86.407524
M,79,2011,85.603394
M,79,2012,85.213654
M,79,2013,85.472084
M,79,2014,85.12685400000001
M,80,2001,83.65280200000001
M,80,2002,84.459953
M,80,2003,83.37406899999999
M,80,2004,84.035851
M,80,2005,84.31189
M,80,2006,84.362648
M,80,2007,84.985413
M,80,2008,85.828224
M,80,2009,86.77280400000001
M,80,2010,85.826775
M,80,2011,87.482254
M,80,2012,85.90818
M,80,2013,86.080444
M,80,2014,85.60842099999999
M,81,2001,84.231911
M,81,2002,84.111305
M,81,2003,84.837135
M,81,2004,83.88398000000001
M,81,2005,83.856651
M,81,2006,84.593422
M,81,2007,85.233528
M,81,2008,85.92498
M,81,2009,87.473373
M,81,2010,85.348343
M,81,2011,84.834526
M,81,2012,85.12730400000001
M,81,2013,86.191124
M,81,2014,85.742188
M,82,2001,83.138733
M,82,2002,83.21597299999999
M,82,2003,84.54740100000001
M,82,2004,84.822502
M,82,2005,83.645081
M,82,2006,85.11668399999999
M,82,2007,85.740311
M,82,2008,85.358475
M,82,2009,85.794647
M,82,2010,85.228714
M,82,2011,86.89233399999999
M,82,2012,84.691498
M,82,2013,86.92462900000001
M,82,2014,86.374062
M,83,2001,84.118217
M,83,2002,84.08606
M,83,2003,82.804825
M,83,2004,84.783485
M,83,2005,83.75647
M,83,2006,85.619545
M,83,2007,86.273483
M,83,2008,86.194435
M,83,2009,86.412994
M,83,2010,86.41529799999999
M,83,2011,87.174042
M,83,2012,85.228767
M,83,2013,86.407394
M,83,2014,86.242294
M,84,2001,83.34585600000001
M,84,2002,84.251755
M,84,2003,84.79858399999999
M,84,2004,84.67227199999999
M,84,2005,84.760086
M,84,2006,86.549171
M,84,2007,86.682312
M,84,2008,86.435875
M,84,2009,86.23940999999999
M,84,2010,86.089157
M,84,2011,86.292946
M,84,2012,86.223351
M,84,2013,86.224571
M,84,2014,86.58201600000001
M,85,2001,84.11177099999999
M,85,2002,83.260849
M,85,2003,84.608994
M,85,2004,84.789101
M,85,2005,85.578751
M,85,2006,85.960426
M,85,2007,84.29361
M,85,2008,84.92115799999999
M,85,2009,85.867287
M,85,2010,85.71978
M,85,2011,85.13209499999999
M,85,2012,86.55703000000001
M,85,2013,86.910843
M,85,2014,86.937416
M,86,2001,84.58445
M,86,2002,84.01368000000001
M,86,2003,83.868111
M,86,2004,85.979446
M,86,2005,85.889847
M,86,2006,85.33548
M,86,2007,86.085121
M,86,2008,86.067833
M,86,2009,86.71378299999999
M,86,2010,86.802399
M,86,2011,86.04400600000001
M,86,2012,85.471962
M,86,2013,86.083153
M,86,2014,85.70264399999999
M,87,2001,84.205536
M,87,2002,83.300476
M,87,2003,83.666832
M,87,2004,83.631813
M,87,2005,84.968452
M,87,2006,85.03624
M,87,2007,86.024063
M,87,2008,86.060577
M,87,2009,87.45446
M,87,2010,87.384682
M,87,2011,87.115913
M,87,2012,86.573128
M,87,2013,86.190651
M,87,2014,87.295113
M,88,2001,84.674583
M,88,2002,83.705376
M,88,2003,83.835358
M,88,2004,85.291023
M,88,2005,84.848061
M,88,2006,85.00177
M,88,2007,86.811073
M,88,2008,85.485435
M,88,2009,85.902176
M,88,2010,86.339539
M,88,2011,86.820824
M,88,2012,86.694962
M,88,2013,85.679817
M,88,2014,88.023865
M,89,2001,85.010628
M,89,2002,85.04941600000001
M,89,2003,84.11462399999999
M,89,2004,84.796082
M,89,2005,85.57012900000001
M,89,2006,86.843124
M,89,2007,86.3088
M,89,2008,85.437637
M,89,2009,86.55618299999999
M,89,2010,86.949783
M,89,2011,85.730225
M,89,2012,86.82476
M,89,2013,87.482384
M,89,2014,86.60736800000001
M,90,2001,85.25269300000001
M,90,2002,85.191612
M,90,2003,85.375488
M,90,2004,85.25458499999999
M,90,2005,85.844528
M,90,2006,86.30378
M,90,2007,86.572266
M,90,2008,85.651596
M,90,2009,87.05532099999999
M,90,2010,85.984222
M,90,2011,86.76123
M,90,2012,86.565956
M,90,2013,87.129425
M,90,2014,88.346756
M,91,2001,84.102859
M,91,2002,84.937202
M,91,2003,85.020226
M,91,2004,86.16655
M,91,2005,85.523537
M,91,2006,86.40884399999999
M,91,2007,86.119743
M,91,2008,87.709343
M,91,2009,85.088875
M,91,2010,86.778008
M,91,2011,87.31478100000001
M,91,2012,87.608284
M,91,2013,86.948219
M,91,2014,87.587257
M,92,2001,86.463852
M,92,2002,85.16188000000001
M,92,2003,85.04454
M,92,2004,85.68821700000001
M,92,2005,86.609116
M,92,2006,86.705849
M,92,2007,86.966759
M,92,2008,86.16346
M,92,2009,87.252808
M,92,2010,86.588173
M,92,2011,87.589203
M,92,2012,87.237549
M,92,2013,87.87428299999999
M,92,2014,87.986885
M,93,2001,85.340866
M,93,2002,83.96977199999999
M,93,2003,85.261147
M,93,2004,86.302582
M,93,2005,85.70405600000001
M,93,2006,84.970512
M,93,2007,86.134888
M,93,2008,88.118881
M,93,2009,86.142143
M,93,2010,87.350563
M,93,2011,88.16130799999999
M,93,2012,88.195625
M,93,2013,87.316841
M,93,2014,87.49814599999999
M,94,2001,85.953514
M,94,2002,85.000824
M,94,2003,85.495918
M,94,2004,86.21198299999999
M,94,2005,86.7248
M,94,2006,87.009956
M,94,2007,85.269638
M,94,2008,87.424934
M,94,2009,87.721428
M,94,2010,87.725227
M,94,2011,87.90520500000001
M,94,2012,87.695847
M,94,2013,87.373863
M,94,2014,87.72022199999999
M,95,2001,85.341171
M,95,2002,85.863022
M,95,2003,86.29409
M,95,2004,87.106285
M,95,2005,86.568108
M,95,2006,87.839729
M,95,2007,85.14209
M,95,2008,86.801987
M,95,2009,86.880844
M,95,2010,87.510338
M,95,2011,86.582275
M,95,2012,86.717102
M,95,2013,87.37404599999999
M,95,2014,88.521927
M,96,2001,85.585365
M,96,2002,84.837036
M,96,2003,85.125221
M,96,2004,85.91551199999999
M,96,2005,86.848587
M,96,2006,86.859787
M,96,2007,87.05899000000001
M,96,2008,86.603943
M,96,2009,87.668716
M,96,2010,87.947609
M,96,2011,88.015244
M,96,2012,86.858406
M,96,2013,88.012238
M,96,2014,87.721924
M,97,2001,86.920204
M,97,2002,85.751152
M,97,2003,84.983246
M,97,2004,87.422432
M,97,2005,86.51436600000001
M,97,2006,86.617439
M,97,2007,85.706299
M,97,2008,87.37928000000001
M,97,2009,86.340477
M,97,2010,88.584854
M,97,2011,87.967735
M,97,2012,87.03334
M,97,2013,88.894417
M,97,2014,88.617989
M,98,2001,85.9758
M,98,2002,85.37844799999999
M,98,2003,87.037048
M,98,2004,87.480438
M,98,2005,87.569824
M,98,2006,86.79499100000001
M,98,2007,87.349503
M,98,2008,88.18476899999999
M,98,2009,87.319412
M,98,2010,87.464043
M,98,2011,88.29705799999999
M,98,2012,87.598869
M,98,2013,87.766136
M,98,2014,87.984863
M,99,2001,87.608307
M,99,2002,85.120277
M,99,2003,86.60327099999999
M,99,2004,86.55477900000001
M,99,2005,87.584625
M,99,2006,88.27602399999999
M,99,2007,88.21100600000001
M,99,2008,86.943878
M,99,2009,87.532425
M,99,2010,88.258972
M,99,2011,88.388535
M,99,2012,87.966202
M,99,2013,88.766502
M,99,2014,89.012512
M,100,2001,87.406288
M,100,2002,88.17375899999999
M,100,2003,86.072571
M,100,2004,88.20478100000001
M,100,2005,87.48085
M,100,2006,87.19009399999999
M,100,2007,87.607712
M,100,2008,87.922089
M,100,2009,87.5896
M,100,2010,88.866783
M,100,2011,88.712631
M,100,2012,88.256958
M,100,2013,88.934837
M,100,2014,89.78313399999999
