gnd,pctile,year,le_raceadj,quartiles
F,1,2001,79.893463,Q1
F,1,2002,79.410622,Q1
F,1,2003,79.572174,Q1
F,1,2004,80.092476,Q1
F,1,2005,80.465935,Q1
F,1,2006,79.701607,Q1
F,1,2007,79.851669,Q1
F,1,2008,79.41481800000001,Q1
F,1,2009,74.534164,Q1
F,1,2010,79.124969,Q1
F,1,2011,79.731888,Q1
F,1,2012,78.75975799999999,Q1
F,1,2013,79.464867,Q1
F,1,2014,79.824127,Q1
F,2,2001,81.125061,Q1
F,2,2002,81.11790500000001,Q1
F,2,2003,80.408615,Q1
F,2,2004,81.537674,Q1
F,2,2005,81.351906,Q1
F,2,2006,80.92012,Q1
F,2,2007,81.715248,Q1
F,2,2008,81.074432,Q1
F,2,2009,79.924911,Q1
F,2,2010,80.118484,Q1
F,2,2011,81.66377299999999,Q1
F,2,2012,80.844505,Q1
F,2,2013,81.009857,Q1
F,2,2014,80.674217,Q1
F,3,2001,81.354729,Q1
F,3,2002,80.903343,Q1
F,3,2003,81.471512,Q1
F,3,2004,82.722084,Q1
F,3,2005,81.820351,Q1
F,3,2006,82.721352,Q1
F,3,2007,82.505142,Q1
F,3,2008,81.050659,Q1
F,3,2009,81.270462,Q1
F,3,2010,82.129913,Q1
F,3,2011,82.092026,Q1
F,3,2012,81.72647099999999,Q1
F,3,2013,81.203835,Q1
F,3,2014,81.89437099999999,Q1
F,4,2001,81.049797,Q1
F,4,2002,81.268372,Q1
F,4,2003,82.015091,Q1
F,4,2004,80.665871,Q1
F,4,2005,82.279106,Q1
F,4,2006,83.140556,Q1
F,4,2007,82.430634,Q1
F,4,2008,82.561165,Q1
F,4,2009,81.860954,Q1
F,4,2010,82.00013,Q1
F,4,2011,82.55630500000001,Q1
F,4,2012,81.65226,Q1
F,4,2013,82.357407,Q1
F,4,2014,82.03553000000001,Q1
F,5,2001,81.390022,Q1
F,5,2002,82.342102,Q1
F,5,2003,81.745598,Q1
F,5,2004,81.781387,Q1
F,5,2005,82.628883,Q1
F,5,2006,82.72448,Q1
F,5,2007,83.020226,Q1
F,5,2008,82.371391,Q1
F,5,2009,81.618149,Q1
F,5,2010,82.598892,Q1
F,5,2011,82.773834,Q1
F,5,2012,82.13651999999999,Q1
F,5,2013,81.841492,Q1
F,5,2014,82.77220200000001,Q1
F,6,2001,81.959129,Q1
F,6,2002,82.235641,Q1
F,6,2003,81.823952,Q1
F,6,2004,82.413078,Q1
F,6,2005,82.612984,Q1
F,6,2006,82.506714,Q1
F,6,2007,82.856491,Q1
F,6,2008,82.037186,Q1
F,6,2009,81.097664,Q1
F,6,2010,82.567696,Q1
F,6,2011,82.43695799999999,Q1
F,6,2012,82.323898,Q1
F,6,2013,82.338539,Q1
F,6,2014,82.489838,Q1
F,7,2001,80.840523,Q1
F,7,2002,81.206528,Q1
F,7,2003,81.195824,Q1
F,7,2004,82.399902,Q1
F,7,2005,81.532875,Q1
F,7,2006,81.555275,Q1
F,7,2007,83.306282,Q1
F,7,2008,82.18581400000001,Q1
F,7,2009,81.692932,Q1
F,7,2010,81.748161,Q1
F,7,2011,82.75819399999999,Q1
F,7,2012,82.331337,Q1
F,7,2013,82.378761,Q1
F,7,2014,82.73848000000001,Q1
F,8,2001,81.180038,Q1
F,8,2002,82.11934699999999,Q1
F,8,2003,81.020279,Q1
F,8,2004,82.293755,Q1
F,8,2005,82.384529,Q1
F,8,2006,81.94973,Q1
F,8,2007,82.537743,Q1
F,8,2008,82.792213,Q1
F,8,2009,82.384514,Q1
F,8,2010,82.76690699999999,Q1
F,8,2011,81.55229200000001,Q1
F,8,2012,83.092209,Q1
F,8,2013,81.963959,Q1
F,8,2014,82.40061999999999,Q1
F,9,2001,81.21300500000001,Q1
F,9,2002,80.93070999999999,Q1
F,9,2003,80.853836,Q1
F,9,2004,82.145439,Q1
F,9,2005,82.505615,Q1
F,9,2006,82.72760799999999,Q1
F,9,2007,82.716972,Q1
F,9,2008,82.60208100000001,Q1
F,9,2009,82.165611,Q1
F,9,2010,82.397438,Q1
F,9,2011,82.393784,Q1
F,9,2012,81.902908,Q1
F,9,2013,82.38209499999999,Q1
F,9,2014,82.926582,Q1
F,10,2001,81.163208,Q1
F,10,2002,81.64110600000001,Q1
F,10,2003,81.939751,Q1
F,10,2004,81.854507,Q1
F,10,2005,81.81935899999999,Q1
F,10,2006,83.366051,Q1
F,10,2007,82.596939,Q1
F,10,2008,82.59992199999999,Q1
F,10,2009,81.748001,Q1
F,10,2010,83.027298,Q1
F,10,2011,82.190498,Q1
F,10,2012,82.744621,Q1
F,10,2013,82.427071,Q1
F,10,2014,82.182259,Q1
F,11,2001,82.844086,Q1
F,11,2002,82.415199,Q1
F,11,2003,81.99481999999999,Q1
F,11,2004,82.415115,Q1
F,11,2005,82.849518,Q1
F,11,2006,81.696129,Q1
F,11,2007,83.410202,Q1
F,11,2008,82.377602,Q1
F,11,2009,82.55540500000001,Q1
F,11,2010,83.08270999999999,Q1
F,11,2011,82.699844,Q1
F,11,2012,82.349396,Q1
F,11,2013,83.134506,Q1
F,11,2014,83.81875600000001,Q1
F,12,2001,81.586624,Q1
F,12,2002,81.832535,Q1
F,12,2003,81.390244,Q1
F,12,2004,81.820679,Q1
F,12,2005,81.526558,Q1
F,12,2006,82.35797099999999,Q1
F,12,2007,83.654678,Q1
F,12,2008,82.80630500000001,Q1
F,12,2009,83.490364,Q1
F,12,2010,82.05789200000001,Q1
F,12,2011,82.783775,Q1
F,12,2012,82.76252,Q1
F,12,2013,82.021011,Q1
F,12,2014,84.048508,Q1
F,13,2001,80.900085,Q1
F,13,2002,81.721191,Q1
F,13,2003,82.07907900000001,Q1
F,13,2004,82.549133,Q1
F,13,2005,81.876099,Q1
F,13,2006,82.7211,Q1
F,13,2007,82.88419300000001,Q1
F,13,2008,83.551613,Q1
F,13,2009,83.073853,Q1
F,13,2010,83.014381,Q1
F,13,2011,83.53733100000001,Q1
F,13,2012,84.198433,Q1
F,13,2013,83.079178,Q1
F,13,2014,83.72290799999999,Q1
F,14,2001,82.751808,Q1
F,14,2002,81.95773299999999,Q1
F,14,2003,83.118706,Q1
F,14,2004,82.495132,Q1
F,14,2005,82.049522,Q1
F,14,2006,83.48962399999999,Q1
F,14,2007,83.600319,Q1
F,14,2008,83.909805,Q1
F,14,2009,82.753357,Q1
F,14,2010,83.490379,Q1
F,14,2011,83.834785,Q1
F,14,2012,83.192833,Q1
F,14,2013,83.688248,Q1
F,14,2014,84.02754200000001,Q1
F,15,2001,81.706863,Q1
F,15,2002,82.91494,Q1
F,15,2003,82.328644,Q1
F,15,2004,82.194466,Q1
F,15,2005,82.725952,Q1
F,15,2006,82.396202,Q1
F,15,2007,84.075699,Q1
F,15,2008,83.212013,Q1
F,15,2009,83.156982,Q1
F,15,2010,83.37738,Q1
F,15,2011,83.329285,Q1
F,15,2012,83.43113699999999,Q1
F,15,2013,83.208229,Q1
F,15,2014,83.60199,Q1
F,16,2001,82.456917,Q1
F,16,2002,82.803726,Q1
F,16,2003,83.346901,Q1
F,16,2004,82.284798,Q1
F,16,2005,82.590851,Q1
F,16,2006,83.221397,Q1
F,16,2007,83.298271,Q1
F,16,2008,83.098213,Q1
F,16,2009,84.20599399999999,Q1
F,16,2010,84.00235,Q1
F,16,2011,83.304428,Q1
F,16,2012,82.997337,Q1
F,16,2013,84.098007,Q1
F,16,2014,84.57405899999999,Q1
F,17,2001,81.456627,Q1
F,17,2002,82.456062,Q1
F,17,2003,82.437218,Q1
F,17,2004,82.567017,Q1
F,17,2005,83.323402,Q1
F,17,2006,82.619484,Q1
F,17,2007,82.87645699999999,Q1
F,17,2008,83.68866700000001,Q1
F,17,2009,82.692627,Q1
F,17,2010,83.810898,Q1
F,17,2011,83.852325,Q1
F,17,2012,83.88000500000001,Q1
F,17,2013,83.938789,Q1
F,17,2014,83.93111400000001,Q1
F,18,2001,82.959946,Q1
F,18,2002,82.439995,Q1
F,18,2003,82.46781899999999,Q1
F,18,2004,82.952492,Q1
F,18,2005,83.37361899999999,Q1
F,18,2006,83.282394,Q1
F,18,2007,83.635971,Q1
F,18,2008,83.59944200000001,Q1
F,18,2009,82.811722,Q1
F,18,2010,83.075539,Q1
F,18,2011,84.10591099999999,Q1
F,18,2012,83.96524000000001,Q1
F,18,2013,84.52109499999999,Q1
F,18,2014,84.634621,Q1
F,19,2001,82.820015,Q1
F,19,2002,82.866699,Q1
F,19,2003,82.778198,Q1
F,19,2004,83.518936,Q1
F,19,2005,84.151375,Q1
F,19,2006,84.31019599999999,Q1
F,19,2007,83.570053,Q1
F,19,2008,83.851196,Q1
F,19,2009,83.87455,Q1
F,19,2010,84.21167,Q1
F,19,2011,84.04746999999999,Q1
F,19,2012,83.956429,Q1
F,19,2013,83.863869,Q1
F,19,2014,85.11760699999999,Q1
F,20,2001,82.723396,Q1
F,20,2002,84.134766,Q1
F,20,2003,82.092636,Q1
F,20,2004,82.84326899999999,Q1
F,20,2005,84.162865,Q1
F,20,2006,83.22197,Q1
F,20,2007,83.846497,Q1
F,20,2008,84.666855,Q1
F,20,2009,82.909706,Q1
F,20,2010,84.343452,Q1
F,20,2011,83.943077,Q1
F,20,2012,83.86640200000001,Q1
F,20,2013,83.447365,Q1
F,20,2014,84.220749,Q1
F,21,2001,82.439278,Q1
F,21,2002,82.87344399999999,Q1
F,21,2003,83.459579,Q1
F,21,2004,83.065308,Q1
F,21,2005,82.882202,Q1
F,21,2006,83.601326,Q1
F,21,2007,84.455711,Q1
F,21,2008,83.625725,Q1
F,21,2009,84.121651,Q1
F,21,2010,84.34300999999999,Q1
F,21,2011,84.29630999999999,Q1
F,21,2012,84.1763,Q1
F,21,2013,84.116989,Q1
F,21,2014,84.443336,Q1
F,22,2001,83.016441,Q1
F,22,2002,83.632851,Q1
F,22,2003,83.136276,Q1
F,22,2004,83.50212900000001,Q1
F,22,2005,82.812523,Q1
F,22,2006,83.64801,Q1
F,22,2007,84.515945,Q1
F,22,2008,83.58107,Q1
F,22,2009,82.869026,Q1
F,22,2010,84.778351,Q1
F,22,2011,84.944572,Q1
F,22,2012,85.13803100000001,Q1
F,22,2013,83.485985,Q1
F,22,2014,85.45043199999999,Q1
F,23,2001,81.73481,Q1
F,23,2002,82.420006,Q1
F,23,2003,84.27034,Q1
F,23,2004,83.088264,Q1
F,23,2005,83.98734300000001,Q1
F,23,2006,83.59787,Q1
F,23,2007,83.910431,Q1
F,23,2008,84.473969,Q1
F,23,2009,84.127571,Q1
F,23,2010,84.578316,Q1
F,23,2011,84.50862099999999,Q1
F,23,2012,83.63588,Q1
F,23,2013,84.211845,Q1
F,23,2014,84.839417,Q1
F,24,2001,82.02464300000001,Q1
F,24,2002,83.03621700000001,Q1
F,24,2003,82.47590600000001,Q1
F,24,2004,83.828499,Q1
F,24,2005,83.69512900000001,Q1
F,24,2006,84.213066,Q1
F,24,2007,84.047287,Q1
F,24,2008,83.960678,Q1
F,24,2009,83.822006,Q1
F,24,2010,84.281616,Q1
F,24,2011,85.205894,Q1
F,24,2012,84.617867,Q1
F,24,2013,85.34227800000001,Q1
F,24,2014,84.728836,Q1
F,25,2001,83.304237,Q1
F,25,2002,83.327332,Q1
F,25,2003,83.050903,Q1
F,25,2004,83.709763,Q1
F,25,2005,83.04599,Q1
F,25,2006,83.473,Q1
F,25,2007,84.479889,Q1
F,25,2008,84.20058399999999,Q1
F,25,2009,83.734367,Q1
F,25,2010,84.10363000000001,Q1
F,25,2011,84.323471,Q1
F,25,2012,84.85550699999999,Q1
F,25,2013,84.921051,Q1
F,25,2014,85.367195,Q1
F,26,2001,83.57206,Q2
F,26,2002,83.654114,Q2
F,26,2003,83.327835,Q2
F,26,2004,83.12829599999999,Q2
F,26,2005,84.327057,Q2
F,26,2006,84.155037,Q2
F,26,2007,84.104958,Q2
F,26,2008,84.05295600000001,Q2
F,26,2009,83.48168199999999,Q2
F,26,2010,84.111359,Q2
F,26,2011,84.816086,Q2
F,26,2012,84.48891400000001,Q2
F,26,2013,85.515663,Q2
F,26,2014,84.266548,Q2
F,27,2001,83.234673,Q2
F,27,2002,83.49006700000001,Q2
F,27,2003,83.509689,Q2
F,27,2004,83.98555,Q2
F,27,2005,83.048462,Q2
F,27,2006,84.376434,Q2
F,27,2007,85.040092,Q2
F,27,2008,85.07238000000001,Q2
F,27,2009,83.968773,Q2
F,27,2010,85.241959,Q2
F,27,2011,84.489235,Q2
F,27,2012,84.818115,Q2
F,27,2013,84.180397,Q2
F,27,2014,84.706627,Q2
F,28,2001,82.310822,Q2
F,28,2002,83.397339,Q2
F,28,2003,82.445297,Q2
F,28,2004,84.417221,Q2
F,28,2005,84.399811,Q2
F,28,2006,83.763763,Q2
F,28,2007,84.33845500000001,Q2
F,28,2008,84.647491,Q2
F,28,2009,84.75484499999999,Q2
F,28,2010,85.214119,Q2
F,28,2011,84.184433,Q2
F,28,2012,85.10771899999999,Q2
F,28,2013,84.774055,Q2
F,28,2014,84.85141,Q2
F,29,2001,83.434433,Q2
F,29,2002,82.616287,Q2
F,29,2003,83.556709,Q2
F,29,2004,83.055977,Q2
F,29,2005,84.54053499999999,Q2
F,29,2006,83.34028599999999,Q2
F,29,2007,85.3974,Q2
F,29,2008,85.662132,Q2
F,29,2009,84.414558,Q2
F,29,2010,85.190399,Q2
F,29,2011,85.069565,Q2
F,29,2012,84.12178,Q2
F,29,2013,85.453972,Q2
F,29,2014,85.17669699999999,Q2
F,30,2001,83.380966,Q2
F,30,2002,83.904625,Q2
F,30,2003,84.146164,Q2
F,30,2004,84.372986,Q2
F,30,2005,84.72689799999999,Q2
F,30,2006,84.40459399999999,Q2
F,30,2007,84.774857,Q2
F,30,2008,85.68602800000001,Q2
F,30,2009,84.029854,Q2
F,30,2010,85.212952,Q2
F,30,2011,85.76711999999999,Q2
F,30,2012,85.370956,Q2
F,30,2013,84.635918,Q2
F,30,2014,84.888908,Q2
F,31,2001,83.67517099999999,Q2
F,31,2002,83.969208,Q2
F,31,2003,84.711449,Q2
F,31,2004,85.09187299999999,Q2
F,31,2005,84.379654,Q2
F,31,2006,85.152069,Q2
F,31,2007,85.761162,Q2
F,31,2008,84.81536899999999,Q2
F,31,2009,85.238884,Q2
F,31,2010,85.103409,Q2
F,31,2011,85.86718,Q2
F,31,2012,85.339325,Q2
F,31,2013,84.377113,Q2
F,31,2014,85.36409,Q2
F,32,2001,83.85778,Q2
F,32,2002,83.562141,Q2
F,32,2003,83.31707800000001,Q2
F,32,2004,82.96244,Q2
F,32,2005,85.223274,Q2
F,32,2006,84.309845,Q2
F,32,2007,84.392075,Q2
F,32,2008,85.001068,Q2
F,32,2009,85.360405,Q2
F,32,2010,84.822929,Q2
F,32,2011,84.688896,Q2
F,32,2012,86.067314,Q2
F,32,2013,85.533112,Q2
F,32,2014,85.791122,Q2
F,33,2001,83.748711,Q2
F,33,2002,83.990791,Q2
F,33,2003,83.991486,Q2
F,33,2004,83.602867,Q2
F,33,2005,84.757683,Q2
F,33,2006,85.386383,Q2
F,33,2007,84.472435,Q2
F,33,2008,85.351738,Q2
F,33,2009,85.143517,Q2
F,33,2010,84.970749,Q2
F,33,2011,85.60318000000001,Q2
F,33,2012,86.336136,Q2
F,33,2013,84.894295,Q2
F,33,2014,86.112183,Q2
F,34,2001,83.306435,Q2
F,34,2002,83.233177,Q2
F,34,2003,83.807487,Q2
F,34,2004,83.753288,Q2
F,34,2005,84.599937,Q2
F,34,2006,84.491348,Q2
F,34,2007,84.991341,Q2
F,34,2008,85.442146,Q2
F,34,2009,84.72236600000001,Q2
F,34,2010,85.831261,Q2
F,34,2011,86.106995,Q2
F,34,2012,84.852173,Q2
F,34,2013,85.183121,Q2
F,34,2014,85.094566,Q2
F,35,2001,84.440536,Q2
F,35,2002,85.22895799999999,Q2
F,35,2003,83.782669,Q2
F,35,2004,85.350197,Q2
F,35,2005,84.275795,Q2
F,35,2006,85.14209699999999,Q2
F,35,2007,85.212227,Q2
F,35,2008,85.775757,Q2
F,35,2009,85.09369699999999,Q2
F,35,2010,85.01223,Q2
F,35,2011,85.17712399999999,Q2
F,35,2012,85.432503,Q2
F,35,2013,84.19438199999999,Q2
F,35,2014,85.98335300000001,Q2
F,36,2001,84.174973,Q2
F,36,2002,83.364853,Q2
F,36,2003,83.11277,Q2
F,36,2004,84.32418100000001,Q2
F,36,2005,83.860283,Q2
F,36,2006,85.155441,Q2
F,36,2007,85.90373199999999,Q2
F,36,2008,84.124153,Q2
F,36,2009,86.191597,Q2
F,36,2010,86.18731700000001,Q2
F,36,2011,85.732437,Q2
F,36,2012,85.975021,Q2
F,36,2013,84.604713,Q2
F,36,2014,85.762589,Q2
F,37,2001,83.201462,Q2
F,37,2002,84.590469,Q2
F,37,2003,84.245399,Q2
F,37,2004,84.157646,Q2
F,37,2005,84.713539,Q2
F,37,2006,83.76379399999999,Q2
F,37,2007,85.424103,Q2
F,37,2008,85.253334,Q2
F,37,2009,85.17469799999999,Q2
F,37,2010,85.448059,Q2
F,37,2011,85.24984,Q2
F,37,2012,85.292953,Q2
F,37,2013,85.330238,Q2
F,37,2014,86.068588,Q2
F,38,2001,82.88801600000001,Q2
F,38,2002,84.10990100000001,Q2
F,38,2003,84.176918,Q2
F,38,2004,84.183189,Q2
F,38,2005,84.070915,Q2
F,38,2006,84.937187,Q2
F,38,2007,85.642601,Q2
F,38,2008,85.58386999999999,Q2
F,38,2009,85.83815,Q2
F,38,2010,85.682327,Q2
F,38,2011,85.479362,Q2
F,38,2012,84.665726,Q2
F,38,2013,84.85311899999999,Q2
F,38,2014,85.482277,Q2
F,39,2001,83.060951,Q2
F,39,2002,83.718788,Q2
F,39,2003,83.989403,Q2
F,39,2004,84.091454,Q2
F,39,2005,84.527443,Q2
F,39,2006,85.293221,Q2
F,39,2007,85.05818199999999,Q2
F,39,2008,85.26044499999999,Q2
F,39,2009,85.005348,Q2
F,39,2010,86.614761,Q2
F,39,2011,85.472572,Q2
F,39,2012,85.525421,Q2
F,39,2013,86.266113,Q2
F,39,2014,86.580559,Q2
F,40,2001,83.31218,Q2
F,40,2002,84.634155,Q2
F,40,2003,84.130356,Q2
F,40,2004,85.04298399999999,Q2
F,40,2005,85.25383000000001,Q2
F,40,2006,84.628784,Q2
F,40,2007,84.554558,Q2
F,40,2008,85.791061,Q2
F,40,2009,86.025818,Q2
F,40,2010,85.80896800000001,Q2
F,40,2011,86.487648,Q2
F,40,2012,85.111847,Q2
F,40,2013,85.056572,Q2
F,40,2014,85.928993,Q2
F,41,2001,84.601974,Q2
F,41,2002,84.07386,Q2
F,41,2003,84.03492,Q2
F,41,2004,84.576332,Q2
F,41,2005,84.2201,Q2
F,41,2006,84.55407,Q2
F,41,2007,85.409058,Q2
F,41,2008,85.578377,Q2
F,41,2009,86.695976,Q2
F,41,2010,85.52828199999999,Q2
F,41,2011,86.065804,Q2
F,41,2012,86.568207,Q2
F,41,2013,85.426918,Q2
F,41,2014,86.31868,Q2
F,42,2001,83.69009399999999,Q2
F,42,2002,83.799767,Q2
F,42,2003,83.791718,Q2
F,42,2004,83.279175,Q2
F,42,2005,85.116096,Q2
F,42,2006,84.820549,Q2
F,42,2007,85.555725,Q2
F,42,2008,85.732986,Q2
F,42,2009,85.18905600000001,Q2
F,42,2010,85.776085,Q2
F,42,2011,86.01074200000001,Q2
F,42,2012,85.86122900000001,Q2
F,42,2013,85.534615,Q2
F,42,2014,86.405312,Q2
F,43,2001,84.14299799999999,Q2
F,43,2002,83.15885899999999,Q2
F,43,2003,84.944786,Q2
F,43,2004,85.883675,Q2
F,43,2005,83.852257,Q2
F,43,2006,84.921425,Q2
F,43,2007,85.55171999999999,Q2
F,43,2008,85.742752,Q2
F,43,2009,85.104568,Q2
F,43,2010,85.189102,Q2
F,43,2011,86.222412,Q2
F,43,2012,86.161911,Q2
F,43,2013,86.046906,Q2
F,43,2014,85.868813,Q2
F,44,2001,83.16757199999999,Q2
F,44,2002,82.977921,Q2
F,44,2003,84.533997,Q2
F,44,2004,85.063858,Q2
F,44,2005,84.00376899999999,Q2
F,44,2006,85.849358,Q2
F,44,2007,86.148483,Q2
F,44,2008,87.104927,Q2
F,44,2009,85.246048,Q2
F,44,2010,86.662949,Q2
F,44,2011,86.5242,Q2
F,44,2012,85.706177,Q2
F,44,2013,86.119438,Q2
F,44,2014,86.368782,Q2
F,45,2001,82.595329,Q2
F,45,2002,85.030281,Q2
F,45,2003,84.241371,Q2
F,45,2004,84.983887,Q2
F,45,2005,85.668205,Q2
F,45,2006,85.526108,Q2
F,45,2007,85.831085,Q2
F,45,2008,86.131584,Q2
F,45,2009,86.303268,Q2
F,45,2010,86.53971899999999,Q2
F,45,2011,85.735924,Q2
F,45,2012,85.78009,Q2
F,45,2013,86.796249,Q2
F,45,2014,86.831024,Q2
F,46,2001,84.179672,Q2
F,46,2002,84.885384,Q2
F,46,2003,84.73138399999999,Q2
F,46,2004,84.37674,Q2
F,46,2005,85.02959399999999,Q2
F,46,2006,85.247299,Q2
F,46,2007,85.290207,Q2
F,46,2008,86.925156,Q2
F,46,2009,85.456848,Q2
F,46,2010,86.282158,Q2
F,46,2011,86.16069,Q2
F,46,2012,86.05416899999999,Q2
F,46,2013,85.33374,Q2
F,46,2014,86.286034,Q2
F,47,2001,83.062065,Q2
F,47,2002,84.843575,Q2
F,47,2003,84.29734,Q2
F,47,2004,85.37706800000001,Q2
F,47,2005,85.440834,Q2
F,47,2006,85.819641,Q2
F,47,2007,85.910042,Q2
F,47,2008,86.462379,Q2
F,47,2009,86.183617,Q2
F,47,2010,86.41984599999999,Q2
F,47,2011,86.957413,Q2
F,47,2012,86.175133,Q2
F,47,2013,86.617149,Q2
F,47,2014,86.709358,Q2
F,48,2001,84.463898,Q2
F,48,2002,84.516586,Q2
F,48,2003,85.377769,Q2
F,48,2004,85.505531,Q2
F,48,2005,85.763451,Q2
F,48,2006,84.983124,Q2
F,48,2007,84.431725,Q2
F,48,2008,86.79390699999999,Q2
F,48,2009,85.63963299999999,Q2
F,48,2010,86.576553,Q2
F,48,2011,87.31179,Q2
F,48,2012,86.287163,Q2
F,48,2013,86.424934,Q2
F,48,2014,87.175514,Q2
F,49,2001,84.301888,Q2
F,49,2002,85.181961,Q2
F,49,2003,84.71611,Q2
F,49,2004,84.86702,Q2
F,49,2005,85.91810600000001,Q2
F,49,2006,85.969353,Q2
F,49,2007,85.48541999999999,Q2
F,49,2008,86.191902,Q2
F,49,2009,86.916016,Q2
F,49,2010,85.34581,Q2
F,49,2011,86.73530600000001,Q2
F,49,2012,86.29261,Q2
F,49,2013,87.078682,Q2
F,49,2014,86.24073,Q2
F,50,2001,84.007301,Q2
F,50,2002,83.9422,Q2
F,50,2003,84.81189,Q2
F,50,2004,85.094879,Q2
F,50,2005,85.82605699999999,Q2
F,50,2006,86.534233,Q2
F,50,2007,85.778481,Q2
F,50,2008,85.231339,Q2
F,50,2009,86.811081,Q2
F,50,2010,87.070305,Q2
F,50,2011,86.806648,Q2
F,50,2012,86.617142,Q2
F,50,2013,85.927711,Q2
F,50,2014,87.160202,Q2
F,51,2001,84.417709,Q3
F,51,2002,85.561234,Q3
F,51,2003,84.856201,Q3
F,51,2004,84.723137,Q3
F,51,2005,84.400848,Q3
F,51,2006,85.609818,Q3
F,51,2007,85.988007,Q3
F,51,2008,86.924835,Q3
F,51,2009,87.113686,Q3
F,51,2010,86.879181,Q3
F,51,2011,86.634354,Q3
F,51,2012,85.923805,Q3
F,51,2013,85.97283900000001,Q3
F,51,2014,87.410072,Q3
F,52,2001,83.423187,Q3
F,52,2002,85.619888,Q3
F,52,2003,84.872879,Q3
F,52,2004,85.021439,Q3
F,52,2005,84.70238499999999,Q3
F,52,2006,85.188263,Q3
F,52,2007,86.140923,Q3
F,52,2008,85.94787600000001,Q3
F,52,2009,86.458603,Q3
F,52,2010,85.749504,Q3
F,52,2011,87.430717,Q3
F,52,2012,86.09874,Q3
F,52,2013,87.266571,Q3
F,52,2014,87.681061,Q3
F,53,2001,83.48062900000001,Q3
F,53,2002,84.874771,Q3
F,53,2003,85.768585,Q3
F,53,2004,85.57866700000001,Q3
F,53,2005,85.395004,Q3
F,53,2006,86.157036,Q3
F,53,2007,85.864418,Q3
F,53,2008,86.155502,Q3
F,53,2009,86.159576,Q3
F,53,2010,86.97614300000001,Q3
F,53,2011,86.804253,Q3
F,53,2012,86.709061,Q3
F,53,2013,86.793297,Q3
F,53,2014,87.49101999999999,Q3
F,54,2001,84.74629200000001,Q3
F,54,2002,85.529114,Q3
F,54,2003,84.38803100000001,Q3
F,54,2004,84.740829,Q3
F,54,2005,85.376389,Q3
F,54,2006,86.347298,Q3
F,54,2007,86.01429,Q3
F,54,2008,86.714134,Q3
F,54,2009,85.95742,Q3
F,54,2010,86.20352199999999,Q3
F,54,2011,86.667,Q3
F,54,2012,86.622116,Q3
F,54,2013,87.210335,Q3
F,54,2014,87.15979,Q3
F,55,2001,84.47796600000001,Q3
F,55,2002,84.57659100000001,Q3
F,55,2003,85.037247,Q3
F,55,2004,84.921204,Q3
F,55,2005,85.115814,Q3
F,55,2006,85.717232,Q3
F,55,2007,85.23848000000001,Q3
F,55,2008,86.540329,Q3
F,55,2009,86.52574200000001,Q3
F,55,2010,87.348236,Q3
F,55,2011,86.894424,Q3
F,55,2012,86.527649,Q3
F,55,2013,86.764397,Q3
F,55,2014,86.410645,Q3
F,56,2001,83.809212,Q3
F,56,2002,83.857552,Q3
F,56,2003,85.552185,Q3
F,56,2004,84.917358,Q3
F,56,2005,85.578133,Q3
F,56,2006,85.828827,Q3
F,56,2007,86.817589,Q3
F,56,2008,86.597412,Q3
F,56,2009,86.908676,Q3
F,56,2010,86.734337,Q3
F,56,2011,87.319702,Q3
F,56,2012,87.500107,Q3
F,56,2013,86.37260400000001,Q3
F,56,2014,86.745361,Q3
F,57,2001,83.438812,Q3
F,57,2002,86.56575,Q3
F,57,2003,84.500282,Q3
F,57,2004,84.584099,Q3
F,57,2005,85.451279,Q3
F,57,2006,86.7323,Q3
F,57,2007,86.95497900000001,Q3
F,57,2008,86.4758,Q3
F,57,2009,87.16579399999999,Q3
F,57,2010,86.465065,Q3
F,57,2011,86.706802,Q3
F,57,2012,87.31231700000001,Q3
F,57,2013,86.530807,Q3
F,57,2014,87.623421,Q3
F,58,2001,84.162315,Q3
F,58,2002,84.728027,Q3
F,58,2003,84.960121,Q3
F,58,2004,84.425888,Q3
F,58,2005,85.289772,Q3
F,58,2006,84.94586899999999,Q3
F,58,2007,85.75621,Q3
F,58,2008,86.824348,Q3
F,58,2009,86.033173,Q3
F,58,2010,88.100433,Q3
F,58,2011,86.972435,Q3
F,58,2012,87.859589,Q3
F,58,2013,88.196373,Q3
F,58,2014,87.865875,Q3
F,59,2001,85.10507199999999,Q3
F,59,2002,85.05632800000001,Q3
F,59,2003,84.967285,Q3
F,59,2004,85.233009,Q3
F,59,2005,85.600563,Q3
F,59,2006,86.554573,Q3
F,59,2007,86.841789,Q3
F,59,2008,88.025177,Q3
F,59,2009,87.251488,Q3
F,59,2010,86.902748,Q3
F,59,2011,87.747208,Q3
F,59,2012,87.150276,Q3
F,59,2013,86.97464000000001,Q3
F,59,2014,87.250969,Q3
F,60,2001,83.747734,Q3
F,60,2002,84.38685600000001,Q3
F,60,2003,83.810654,Q3
F,60,2004,85.837906,Q3
F,60,2005,85.157455,Q3
F,60,2006,85.349876,Q3
F,60,2007,86.97983599999999,Q3
F,60,2008,86.245125,Q3
F,60,2009,87.079788,Q3
F,60,2010,86.360268,Q3
F,60,2011,87.27514599999999,Q3
F,60,2012,87.03379100000001,Q3
F,60,2013,87.594254,Q3
F,60,2014,86.634415,Q3
F,61,2001,83.60054000000001,Q3
F,61,2002,85.283913,Q3
F,61,2003,85.199562,Q3
F,61,2004,86.832458,Q3
F,61,2005,86.563499,Q3
F,61,2006,86.35775,Q3
F,61,2007,86.890755,Q3
F,61,2008,86.809937,Q3
F,61,2009,85.977425,Q3
F,61,2010,87.199951,Q3
F,61,2011,87.988457,Q3
F,61,2012,86.91373399999999,Q3
F,61,2013,87.09830500000001,Q3
F,61,2014,87.228699,Q3
F,62,2001,85.685402,Q3
F,62,2002,85.782288,Q3
F,62,2003,85.79900400000001,Q3
F,62,2004,85.738449,Q3
F,62,2005,86.510429,Q3
F,62,2006,85.638733,Q3
F,62,2007,86.894539,Q3
F,62,2008,87.537415,Q3
F,62,2009,86.95683299999999,Q3
F,62,2010,87.82899499999999,Q3
F,62,2011,86.79628000000001,Q3
F,62,2012,86.760788,Q3
F,62,2013,87.572502,Q3
F,62,2014,87.24382,Q3
F,63,2001,84.006683,Q3
F,63,2002,85.24939,Q3
F,63,2003,86.494553,Q3
F,63,2004,84.649315,Q3
F,63,2005,85.776291,Q3
F,63,2006,85.549065,Q3
F,63,2007,87.501801,Q3
F,63,2008,87.451309,Q3
F,63,2009,87.58671600000001,Q3
F,63,2010,88.524078,Q3
F,63,2011,88.14406600000001,Q3
F,63,2012,87.56012,Q3
F,63,2013,88.240868,Q3
F,63,2014,88.02714499999999,Q3
F,64,2001,84.437996,Q3
F,64,2002,84.45742800000001,Q3
F,64,2003,85.52002,Q3
F,64,2004,85.73511500000001,Q3
F,64,2005,86.635971,Q3
F,64,2006,87.628136,Q3
F,64,2007,86.12468,Q3
F,64,2008,86.662361,Q3
F,64,2009,87.448326,Q3
F,64,2010,86.42830699999999,Q3
F,64,2011,88.579704,Q3
F,64,2012,86.944092,Q3
F,64,2013,88.894547,Q3
F,64,2014,87.83326,Q3
F,65,2001,84.08779100000001,Q3
F,65,2002,84.76488499999999,Q3
F,65,2003,85.502907,Q3
F,65,2004,84.02561999999999,Q3
F,65,2005,84.125977,Q3
F,65,2006,85.978973,Q3
F,65,2007,86.59024000000001,Q3
F,65,2008,86.62226899999999,Q3
F,65,2009,87.736565,Q3
F,65,2010,87.071854,Q3
F,65,2011,87.560738,Q3
F,65,2012,88.19091,Q3
F,65,2013,87.162437,Q3
F,65,2014,87.949921,Q3
F,66,2001,85.85204300000001,Q3
F,66,2002,85.367325,Q3
F,66,2003,85.973778,Q3
F,66,2004,86.48365799999999,Q3
F,66,2005,86.725075,Q3
F,66,2006,87.432648,Q3
F,66,2007,86.177635,Q3
F,66,2008,86.844421,Q3
F,66,2009,87.344269,Q3
F,66,2010,88.239807,Q3
F,66,2011,86.88893900000001,Q3
F,66,2012,86.7771,Q3
F,66,2013,87.43267800000001,Q3
F,66,2014,87.92083000000001,Q3
F,67,2001,85.763885,Q3
F,67,2002,84.286179,Q3
F,67,2003,83.564133,Q3
F,67,2004,86.07177,Q3
F,67,2005,86.89909399999999,Q3
F,67,2006,86.156868,Q3
F,67,2007,86.529083,Q3
F,67,2008,86.96946,Q3
F,67,2009,86.617233,Q3
F,67,2010,86.967392,Q3
F,67,2011,87.901398,Q3
F,67,2012,86.49906899999999,Q3
F,67,2013,88.710526,Q3
F,67,2014,87.121902,Q3
F,68,2001,84.0261,Q3
F,68,2002,82.970238,Q3
F,68,2003,85.842987,Q3
F,68,2004,84.422668,Q3
F,68,2005,86.329628,Q3
F,68,2006,86.604469,Q3
F,68,2007,86.604675,Q3
F,68,2008,88.017212,Q3
F,68,2009,87.765221,Q3
F,68,2010,87.47515899999999,Q3
F,68,2011,86.982788,Q3
F,68,2012,88.48561099999999,Q3
F,68,2013,86.953575,Q3
F,68,2014,88.113724,Q3
F,69,2001,86.058601,Q3
F,69,2002,84.68085500000001,Q3
F,69,2003,84.506271,Q3
F,69,2004,85.614937,Q3
F,69,2005,86.11409,Q3
F,69,2006,85.542419,Q3
F,69,2007,86.849747,Q3
F,69,2008,87.619156,Q3
F,69,2009,86.642052,Q3
F,69,2010,88.17474399999999,Q3
F,69,2011,88.150124,Q3
F,69,2012,87.438568,Q3
F,69,2013,88.545097,Q3
F,69,2014,88.553078,Q3
F,70,2001,84.605713,Q3
F,70,2002,84.337021,Q3
F,70,2003,85.679558,Q3
F,70,2004,86.493935,Q3
F,70,2005,86.18306,Q3
F,70,2006,86.03801700000001,Q3
F,70,2007,84.85078399999999,Q3
F,70,2008,87.544197,Q3
F,70,2009,87.61940799999999,Q3
F,70,2010,87.052948,Q3
F,70,2011,87.793762,Q3
F,70,2012,88.954063,Q3
F,70,2013,88.175613,Q3
F,70,2014,87.673416,Q3
F,71,2001,85.526924,Q3
F,71,2002,85.52784,Q3
F,71,2003,86.784401,Q3
F,71,2004,86.01921800000001,Q3
F,71,2005,87.395462,Q3
F,71,2006,86.50844599999999,Q3
F,71,2007,86.189751,Q3
F,71,2008,87.865822,Q3
F,71,2009,88.041557,Q3
F,71,2010,87.853561,Q3
F,71,2011,87.78067800000001,Q3
F,71,2012,88.084259,Q3
F,71,2013,89.032051,Q3
F,71,2014,88.627876,Q3
F,72,2001,84.228249,Q3
F,72,2002,85.718391,Q3
F,72,2003,84.84000400000001,Q3
F,72,2004,85.18070999999999,Q3
F,72,2005,85.773643,Q3
F,72,2006,86.793503,Q3
F,72,2007,85.935867,Q3
F,72,2008,85.373299,Q3
F,72,2009,87.79915600000001,Q3
F,72,2010,87.731468,Q3
F,72,2011,86.467247,Q3
F,72,2012,88.74477399999999,Q3
F,72,2013,88.317589,Q3
F,72,2014,88.29341099999999,Q3
F,73,2001,85.425278,Q3
F,73,2002,86.196083,Q3
F,73,2003,85.076912,Q3
F,73,2004,86.272346,Q3
F,73,2005,86.045303,Q3
F,73,2006,84.916824,Q3
F,73,2007,87.649376,Q3
F,73,2008,85.893715,Q3
F,73,2009,88.096786,Q3
F,73,2010,87.899757,Q3
F,73,2011,88.280602,Q3
F,73,2012,87.91256700000001,Q3
F,73,2013,87.42441600000001,Q3
F,73,2014,87.845612,Q3
F,74,2001,85.09404,Q3
F,74,2002,85.450485,Q3
F,74,2003,84.367897,Q3
F,74,2004,86.521446,Q3
F,74,2005,87.088791,Q3
F,74,2006,86.714844,Q3
F,74,2007,87.08609799999999,Q3
F,74,2008,87.133667,Q3
F,74,2009,88.892845,Q3
F,74,2010,86.921745,Q3
F,74,2011,87.798553,Q3
F,74,2012,88.541618,Q3
F,74,2013,88.73777,Q3
F,74,2014,87.553551,Q3
F,75,2001,86.389252,Q3
F,75,2002,84.65055100000001,Q3
F,75,2003,86.406494,Q3
F,75,2004,82.624481,Q3
F,75,2005,86.262268,Q3
F,75,2006,86.10566700000001,Q3
F,75,2007,87.834717,Q3
F,75,2008,87.402847,Q3
F,75,2009,87.603996,Q3
F,75,2010,88.13028,Q3
F,75,2011,87.576759,Q3
F,75,2012,88.150581,Q3
F,75,2013,88.093399,Q3
F,75,2014,89.18780500000001,Q3
F,76,2001,85.602776,Q4
F,76,2002,86.52035500000001,Q4
F,76,2003,85.533798,Q4
F,76,2004,86.067116,Q4
F,76,2005,86.486351,Q4
F,76,2006,87.481804,Q4
F,76,2007,86.273155,Q4
F,76,2008,88.13745899999999,Q4
F,76,2009,87.74305,Q4
F,76,2010,87.965347,Q4
F,76,2011,86.570717,Q4
F,76,2012,87.953926,Q4
F,76,2013,88.62281,Q4
F,76,2014,88.005096,Q4
F,77,2001,84.43010699999999,Q4
F,77,2002,86.188828,Q4
F,77,2003,86.26514399999999,Q4
F,77,2004,86.802628,Q4
F,77,2005,86.84545899999999,Q4
F,77,2006,87.03319499999999,Q4
F,77,2007,87.39959,Q4
F,77,2008,86.991745,Q4
F,77,2009,87.758263,Q4
F,77,2010,87.593964,Q4
F,77,2011,87.599609,Q4
F,77,2012,87.47159599999999,Q4
F,77,2013,88.918182,Q4
F,77,2014,88.447395,Q4
F,78,2001,85.644226,Q4
F,78,2002,84.776093,Q4
F,78,2003,84.758606,Q4
F,78,2004,85.792084,Q4
F,78,2005,86.324425,Q4
F,78,2006,86.691765,Q4
F,78,2007,88.123077,Q4
F,78,2008,88.227814,Q4
F,78,2009,88.27076,Q4
F,78,2010,87.45082099999999,Q4
F,78,2011,88.18959,Q4
F,78,2012,88.617584,Q4
F,78,2013,88.923027,Q4
F,78,2014,88.25057199999999,Q4
F,79,2001,86.882637,Q4
F,79,2002,85.908333,Q4
F,79,2003,87.14843,Q4
F,79,2004,86.437225,Q4
F,79,2005,85.817352,Q4
F,79,2006,87.670349,Q4
F,79,2007,86.833519,Q4
F,79,2008,87.83635699999999,Q4
F,79,2009,88.624687,Q4
F,79,2010,88.187996,Q4
F,79,2011,87.654388,Q4
F,79,2012,87.877716,Q4
F,79,2013,89.768349,Q4
F,79,2014,88.790092,Q4
F,80,2001,84.235008,Q4
F,80,2002,86.189598,Q4
F,80,2003,86.876312,Q4
F,80,2004,86.945442,Q4
F,80,2005,86.432167,Q4
F,80,2006,86.248901,Q4
F,80,2007,87.77778599999999,Q4
F,80,2008,87.569138,Q4
F,80,2009,88.412483,Q4
F,80,2010,87.429642,Q4
F,80,2011,88.3255,Q4
F,80,2012,89.550262,Q4
F,80,2013,88.985802,Q4
F,80,2014,87.013039,Q4
F,81,2001,86.208199,Q4
F,81,2002,86.323555,Q4
F,81,2003,86.651848,Q4
F,81,2004,86.294945,Q4
F,81,2005,86.744423,Q4
F,81,2006,86.552559,Q4
F,81,2007,87.165215,Q4
F,81,2008,88.20156899999999,Q4
F,81,2009,88.517975,Q4
F,81,2010,88.40439599999999,Q4
F,81,2011,88.681168,Q4
F,81,2012,88.22110699999999,Q4
F,81,2013,88.833061,Q4
F,81,2014,88.198761,Q4
F,82,2001,86.956879,Q4
F,82,2002,86.869118,Q4
F,82,2003,85.530006,Q4
F,82,2004,86.59401700000001,Q4
F,82,2005,88.37222299999999,Q4
F,82,2006,86.528435,Q4
F,82,2007,87.470734,Q4
F,82,2008,87.706017,Q4
F,82,2009,86.535538,Q4
F,82,2010,87.52346800000001,Q4
F,82,2011,89.009979,Q4
F,82,2012,89.29585300000001,Q4
F,82,2013,89.59875500000001,Q4
F,82,2014,88.852409,Q4
F,83,2001,84.503052,Q4
F,83,2002,86.221802,Q4
F,83,2003,85.676895,Q4
F,83,2004,86.44547299999999,Q4
F,83,2005,85.775368,Q4
F,83,2006,87.355598,Q4
F,83,2007,87.446167,Q4
F,83,2008,87.76280200000001,Q4
F,83,2009,89.029106,Q4
F,83,2010,87.402817,Q4
F,83,2011,88.49861899999999,Q4
F,83,2012,88.785187,Q4
F,83,2013,87.89247900000001,Q4
F,83,2014,89.43489100000001,Q4
F,84,2001,85.494476,Q4
F,84,2002,86.994904,Q4
F,84,2003,86.879372,Q4
F,84,2004,87.707413,Q4
F,84,2005,87.634842,Q4
F,84,2006,87.150719,Q4
F,84,2007,87.692543,Q4
F,84,2008,87.915939,Q4
F,84,2009,87.834564,Q4
F,84,2010,87.863213,Q4
F,84,2011,88.724884,Q4
F,84,2012,89.322868,Q4
F,84,2013,87.59477199999999,Q4
F,84,2014,88.295105,Q4
F,85,2001,84.861153,Q4
F,85,2002,87.172607,Q4
F,85,2003,85.994125,Q4
F,85,2004,86.61910999999999,Q4
F,85,2005,86.97847,Q4
F,85,2006,86.75353199999999,Q4
F,85,2007,87.608467,Q4
F,85,2008,88.870377,Q4
F,85,2009,88.569695,Q4
F,85,2010,89.43227399999999,Q4
F,85,2011,87.50930799999999,Q4
F,85,2012,88.540382,Q4
F,85,2013,88.770981,Q4
F,85,2014,88.834785,Q4
F,86,2001,86.56021899999999,Q4
F,86,2002,86.142227,Q4
F,86,2003,85.946907,Q4
F,86,2004,88.327072,Q4
F,86,2005,86.667519,Q4
F,86,2006,87.37140699999999,Q4
F,86,2007,89.019409,Q4
F,86,2008,87.660713,Q4
F,86,2009,88.484062,Q4
F,86,2010,87.98111,Q4
F,86,2011,89.064049,Q4
F,86,2012,89.087097,Q4
F,86,2013,88.882401,Q4
F,86,2014,89.935745,Q4
F,87,2001,85.572525,Q4
F,87,2002,88.251366,Q4
F,87,2003,86.641571,Q4
F,87,2004,86.977333,Q4
F,87,2005,86.431335,Q4
F,87,2006,87.527435,Q4
F,87,2007,87.282761,Q4
F,87,2008,88.780022,Q4
F,87,2009,88.20609300000001,Q4
F,87,2010,88.91529799999999,Q4
F,87,2011,89.249084,Q4
F,87,2012,89.542358,Q4
F,87,2013,88.48342099999999,Q4
F,87,2014,89.257889,Q4
F,88,2001,86.151909,Q4
F,88,2002,85.538689,Q4
F,88,2003,86.33195500000001,Q4
F,88,2004,87.424255,Q4
F,88,2005,87.461845,Q4
F,88,2006,87.580765,Q4
F,88,2007,87.620888,Q4
F,88,2008,87.80806,Q4
F,88,2009,87.17596400000001,Q4
F,88,2010,89.425484,Q4
F,88,2011,88.423538,Q4
F,88,2012,89.124306,Q4
F,88,2013,88.166466,Q4
F,88,2014,88.988472,Q4
F,89,2001,87.29985,Q4
F,89,2002,86.275948,Q4
F,89,2003,87.027679,Q4
F,89,2004,88.438797,Q4
F,89,2005,88.492409,Q4
F,89,2006,87.900894,Q4
F,89,2007,88.714302,Q4
F,89,2008,87.813339,Q4
F,89,2009,87.246368,Q4
F,89,2010,88.534904,Q4
F,89,2011,88.708763,Q4
F,89,2012,88.113724,Q4
F,89,2013,89.338196,Q4
F,89,2014,90.168198,Q4
F,90,2001,86.59638199999999,Q4
F,90,2002,86.37445100000001,Q4
F,90,2003,86.406868,Q4
F,90,2004,87.39415,Q4
F,90,2005,87.837914,Q4
F,90,2006,87.618309,Q4
F,90,2007,86.94294000000001,Q4
F,90,2008,88.284225,Q4
F,90,2009,87.934097,Q4
F,90,2010,88.414925,Q4
F,90,2011,87.971748,Q4
F,90,2012,87.669228,Q4
F,90,2013,88.54847,Q4
F,90,2014,88.989159,Q4
F,91,2001,86.988373,Q4
F,91,2002,86.587868,Q4
F,91,2003,87.50200699999999,Q4
F,91,2004,86.516411,Q4
F,91,2005,87.141785,Q4
F,91,2006,88.81044,Q4
F,91,2007,89.088402,Q4
F,91,2008,88.171204,Q4
F,91,2009,89.35030400000001,Q4
F,91,2010,89.623627,Q4
F,91,2011,88.85455300000001,Q4
F,91,2012,89.68630999999999,Q4
F,91,2013,89.286514,Q4
F,91,2014,88.276871,Q4
F,92,2001,87.41449,Q4
F,92,2002,86.260292,Q4
F,92,2003,87.63125600000001,Q4
F,92,2004,89.106842,Q4
F,92,2005,87.08809699999999,Q4
F,92,2006,87.354446,Q4
F,92,2007,88.503799,Q4
F,92,2008,88.512955,Q4
F,92,2009,89.047729,Q4
F,92,2010,88.69528199999999,Q4
F,92,2011,89.08528100000001,Q4
F,92,2012,89.50676,Q4
F,92,2013,90.132408,Q4
F,92,2014,89.734375,Q4
F,93,2001,87.83129100000001,Q4
F,93,2002,85.922539,Q4
F,93,2003,87.209091,Q4
F,93,2004,87.561623,Q4
F,93,2005,87.18267800000001,Q4
F,93,2006,87.815826,Q4
F,93,2007,89.036858,Q4
F,93,2008,88.733078,Q4
F,93,2009,88.96817,Q4
F,93,2010,88.89726999999999,Q4
F,93,2011,88.562119,Q4
F,93,2012,89.215126,Q4
F,93,2013,90.293602,Q4
F,93,2014,89.660004,Q4
F,94,2001,86.33496099999999,Q4
F,94,2002,87.23333000000001,Q4
F,94,2003,87.366577,Q4
F,94,2004,88.267319,Q4
F,94,2005,87.801903,Q4
F,94,2006,87.769379,Q4
F,94,2007,89.443275,Q4
F,94,2008,88.624382,Q4
F,94,2009,88.13588,Q4
F,94,2010,89.127762,Q4
F,94,2011,89.338135,Q4
F,94,2012,89.36174,Q4
F,94,2013,89.36529499999999,Q4
F,94,2014,89.801834,Q4
F,95,2001,86.43400600000001,Q4
F,95,2002,87.642487,Q4
F,95,2003,88.453316,Q4
F,95,2004,86.596626,Q4
F,95,2005,87.864311,Q4
F,95,2006,89.11013,Q4
F,95,2007,89.190788,Q4
F,95,2008,89.217827,Q4
F,95,2009,88.76329799999999,Q4
F,95,2010,89.878555,Q4
F,95,2011,89.386894,Q4
F,95,2012,89.48648100000001,Q4
F,95,2013,90.379509,Q4
F,95,2014,90.263474,Q4
F,96,2001,87.98043100000001,Q4
F,96,2002,86.851303,Q4
F,96,2003,86.915024,Q4
F,96,2004,87.66024,Q4
F,96,2005,88.112923,Q4
F,96,2006,88.315506,Q4
F,96,2007,89.59612299999999,Q4
F,96,2008,89.661034,Q4
F,96,2009,89.68821,Q4
F,96,2010,89.206047,Q4
F,96,2011,89.227402,Q4
F,96,2012,89.346748,Q4
F,96,2013,89.905815,Q4
F,96,2014,89.390488,Q4
F,97,2001,87.451424,Q4
F,97,2002,88.036369,Q4
F,97,2003,87.086823,Q4
F,97,2004,88.727913,Q4
F,97,2005,87.648163,Q4
F,97,2006,88.416748,Q4
F,97,2007,89.998749,Q4
F,97,2008,89.63938900000001,Q4
F,97,2009,89.67289699999999,Q4
F,97,2010,88.696251,Q4
F,97,2011,89.01812,Q4
F,97,2012,89.864525,Q4
F,97,2013,89.603523,Q4
F,97,2014,90.305283,Q4
F,98,2001,88.543671,Q4
F,98,2002,85.307808,Q4
F,98,2003,87.724846,Q4
F,98,2004,88.928299,Q4
F,98,2005,88.449699,Q4
F,98,2006,88.124794,Q4
F,98,2007,88.895645,Q4
F,98,2008,89.584572,Q4
F,98,2009,89.62518299999999,Q4
F,98,2010,88.206581,Q4
F,98,2011,89.385361,Q4
F,98,2012,89.422096,Q4
F,98,2013,90.020348,Q4
F,98,2014,89.61120600000001,Q4
F,99,2001,86.663712,Q4
F,99,2002,86.167862,Q4
F,99,2003,88.294525,Q4
F,99,2004,88.077797,Q4
F,99,2005,88.88385799999999,Q4
F,99,2006,89.01374100000001,Q4
F,99,2007,89.1213,Q4
F,99,2008,89.18339499999999,Q4
F,99,2009,89.797478,Q4
F,99,2010,89.66334499999999,Q4
F,99,2011,90.26619000000001,Q4
F,99,2012,90.580864,Q4
F,99,2013,90.18141899999999,Q4
F,99,2014,89.998306,Q4
F,100,2001,88.38344599999999,Q4
F,100,2002,87.12323,Q4
F,100,2003,89.01657900000001,Q4
F,100,2004,89.2052,Q4
F,100,2005,89.126083,Q4
F,100,2006,88.79499799999999,Q4
F,100,2007,89.166046,Q4
F,100,2008,89.64415,Q4
F,100,2009,90.877426,Q4
F,100,2010,89.868301,Q4
F,100,2011,90.16370400000001,Q4
F,100,2012,90.939316,Q4
F,100,2013,90.468498,Q4
F,100,2014,91.076477,Q4
M,1,2001,73.35743000000001,Q1
M,1,2002,71.936584,Q1
M,1,2003,72.029266,Q1
M,1,2004,72.95515400000001,Q1
M,1,2005,72.551582,Q1
M,1,2006,72.63754300000001,Q1
M,1,2007,72.421242,Q1
M,1,2008,72.663628,Q1
M,1,2009,68.343384,Q1
M,1,2010,72.926254,Q1
M,1,2011,73.181046,Q1
M,1,2012,72.674026,Q1
M,1,2013,73.094078,Q1
M,1,2014,73.36419699999999,Q1
M,2,2001,74.056679,Q1
M,2,2002,73.600243,Q1
M,2,2003,73.816917,Q1
M,2,2004,74.68956800000001,Q1
M,2,2005,74.71933,Q1
M,2,2006,74.327881,Q1
M,2,2007,74.17896999999999,Q1
M,2,2008,74.809448,Q1
M,2,2009,73.136993,Q1
M,2,2010,74.169403,Q1
M,2,2011,74.317932,Q1
M,2,2012,74.505096,Q1
M,2,2013,75.261154,Q1
M,2,2014,75.07225,Q1
M,3,2001,75.195419,Q1
M,3,2002,75.064751,Q1
M,3,2003,74.816833,Q1
M,3,2004,75.76892099999999,Q1
M,3,2005,75.816132,Q1
M,3,2006,75.60575899999999,Q1
M,3,2007,76.601753,Q1
M,3,2008,75.376129,Q1
M,3,2009,74.80789200000001,Q1
M,3,2010,75.420563,Q1
M,3,2011,76.132401,Q1
M,3,2012,75.41748,Q1
M,3,2013,75.639534,Q1
M,3,2014,75.170227,Q1
M,4,2001,76.45755799999999,Q1
M,4,2002,75.574989,Q1
M,4,2003,75.63775600000001,Q1
M,4,2004,75.32592,Q1
M,4,2005,76.00235,Q1
M,4,2006,76.501976,Q1
M,4,2007,76.181412,Q1
M,4,2008,75.70475,Q1
M,4,2009,75.597862,Q1
M,4,2010,76.025017,Q1
M,4,2011,76.716454,Q1
M,4,2012,75.814743,Q1
M,4,2013,76.03315699999999,Q1
M,4,2014,76.271652,Q1
M,5,2001,76.197342,Q1
M,5,2002,76.136131,Q1
M,5,2003,76.01042199999999,Q1
M,5,2004,76.36608100000001,Q1
M,5,2005,76.260056,Q1
M,5,2006,76.538399,Q1
M,5,2007,76.319717,Q1
M,5,2008,76.76400799999999,Q1
M,5,2009,75.678368,Q1
M,5,2010,76.113747,Q1
M,5,2011,76.094116,Q1
M,5,2012,76.215599,Q1
M,5,2013,75.81259200000001,Q1
M,5,2014,76.585335,Q1
M,6,2001,75.408272,Q1
M,6,2002,76.382202,Q1
M,6,2003,75.944992,Q1
M,6,2004,76.771568,Q1
M,6,2005,76.9338,Q1
M,6,2006,76.255661,Q1
M,6,2007,76.99855,Q1
M,6,2008,76.44459499999999,Q1
M,6,2009,75.834808,Q1
M,6,2010,76.95723000000001,Q1
M,6,2011,76.248199,Q1
M,6,2012,76.10305799999999,Q1
M,6,2013,75.99700899999999,Q1
M,6,2014,76.961548,Q1
M,7,2001,76.042953,Q1
M,7,2002,75.496422,Q1
M,7,2003,76.777512,Q1
M,7,2004,76.362633,Q1
M,7,2005,76.198257,Q1
M,7,2006,76.147171,Q1
M,7,2007,76.70039399999999,Q1
M,7,2008,76.440498,Q1
M,7,2009,76.061317,Q1
M,7,2010,76.79563900000001,Q1
M,7,2011,76.518852,Q1
M,7,2012,76.565536,Q1
M,7,2013,76.325012,Q1
M,7,2014,76.166847,Q1
M,8,2001,75.032036,Q1
M,8,2002,75.698166,Q1
M,8,2003,75.788956,Q1
M,8,2004,76.296364,Q1
M,8,2005,76.32032,Q1
M,8,2006,76.396446,Q1
M,8,2007,76.286041,Q1
M,8,2008,75.89373,Q1
M,8,2009,75.51835600000001,Q1
M,8,2010,76.337814,Q1
M,8,2011,77.27716099999999,Q1
M,8,2012,75.42873399999999,Q1
M,8,2013,75.640541,Q1
M,8,2014,77.165527,Q1
M,9,2001,75.39852900000001,Q1
M,9,2002,74.88679499999999,Q1
M,9,2003,75.554008,Q1
M,9,2004,76.0187,Q1
M,9,2005,75.680725,Q1
M,9,2006,76.200928,Q1
M,9,2007,76.806389,Q1
M,9,2008,75.82086899999999,Q1
M,9,2009,76.246353,Q1
M,9,2010,77.03850600000001,Q1
M,9,2011,76.639709,Q1
M,9,2012,76.230194,Q1
M,9,2013,76.90169499999999,Q1
M,9,2014,77.369072,Q1
M,10,2001,75.80004100000001,Q1
M,10,2002,75.640793,Q1
M,10,2003,75.67997700000001,Q1
M,10,2004,76.471954,Q1
M,10,2005,76.198219,Q1
M,10,2006,76.40677600000001,Q1
M,10,2007,76.239754,Q1
M,10,2008,76.85672,Q1
M,10,2009,75.915825,Q1
M,10,2010,77.245224,Q1
M,10,2011,77.453239,Q1
M,10,2012,76.388283,Q1
M,10,2013,76.730614,Q1
M,10,2014,76.621315,Q1
M,11,2001,75.810158,Q1
M,11,2002,75.328918,Q1
M,11,2003,75.902428,Q1
M,11,2004,76.583977,Q1
M,11,2005,76.118881,Q1
M,11,2006,75.939026,Q1
M,11,2007,76.293175,Q1
M,11,2008,76.223381,Q1
M,11,2009,76.270424,Q1
M,11,2010,77.282562,Q1
M,11,2011,76.715622,Q1
M,11,2012,76.899239,Q1
M,11,2013,77.116394,Q1
M,11,2014,77.235008,Q1
M,12,2001,75.57592,Q1
M,12,2002,75.947487,Q1
M,12,2003,75.600769,Q1
M,12,2004,76.838219,Q1
M,12,2005,76.239777,Q1
M,12,2006,75.95970200000001,Q1
M,12,2007,76.665543,Q1
M,12,2008,76.68431899999999,Q1
M,12,2009,77.631027,Q1
M,12,2010,75.775917,Q1
M,12,2011,77.444824,Q1
M,12,2012,76.849564,Q1
M,12,2013,76.110977,Q1
M,12,2014,77.470123,Q1
M,13,2001,76.080811,Q1
M,13,2002,75.75,Q1
M,13,2003,75.598083,Q1
M,13,2004,76.70948,Q1
M,13,2005,76.201111,Q1
M,13,2006,77.209236,Q1
M,13,2007,76.778763,Q1
M,13,2008,76.465591,Q1
M,13,2009,76.89613299999999,Q1
M,13,2010,77.094826,Q1
M,13,2011,76.66629,Q1
M,13,2012,76.636238,Q1
M,13,2013,77.772827,Q1
M,13,2014,77.419472,Q1
M,14,2001,75.3946,Q1
M,14,2002,75.73788499999999,Q1
M,14,2003,75.856018,Q1
M,14,2004,75.511215,Q1
M,14,2005,77.194962,Q1
M,14,2006,76.905518,Q1
M,14,2007,77.9468,Q1
M,14,2008,76.55184200000001,Q1
M,14,2009,76.94162800000001,Q1
M,14,2010,77.392143,Q1
M,14,2011,77.141487,Q1
M,14,2012,77.276733,Q1
M,14,2013,77.323952,Q1
M,14,2014,77.883583,Q1
M,15,2001,76.708694,Q1
M,15,2002,76.048126,Q1
M,15,2003,76.777946,Q1
M,15,2004,75.956947,Q1
M,15,2005,76.958015,Q1
M,15,2006,76.627045,Q1
M,15,2007,78.028648,Q1
M,15,2008,76.962463,Q1
M,15,2009,76.694237,Q1
M,15,2010,77.49985500000001,Q1
M,15,2011,76.77696999999999,Q1
M,15,2012,77.21713299999999,Q1
M,15,2013,76.916519,Q1
M,15,2014,77.712082,Q1
M,16,2001,76.17643699999999,Q1
M,16,2002,76.580292,Q1
M,16,2003,77.178108,Q1
M,16,2004,77.162491,Q1
M,16,2005,76.615974,Q1
M,16,2006,77.575684,Q1
M,16,2007,77.647865,Q1
M,16,2008,77.449493,Q1
M,16,2009,77.590485,Q1
M,16,2010,77.504356,Q1
M,16,2011,77.151115,Q1
M,16,2012,77.23075899999999,Q1
M,16,2013,77.104019,Q1
M,16,2014,77.302521,Q1
M,17,2001,76.168976,Q1
M,17,2002,76.63556700000001,Q1
M,17,2003,76.822174,Q1
M,17,2004,76.871391,Q1
M,17,2005,77.387054,Q1
M,17,2006,78.243538,Q1
M,17,2007,77.624374,Q1
M,17,2008,78.40765400000001,Q1
M,17,2009,77.757538,Q1
M,17,2010,78.10333299999999,Q1
M,17,2011,77.61077900000001,Q1
M,17,2012,77.040604,Q1
M,17,2013,77.775284,Q1
M,17,2014,78.39888,Q1
M,18,2001,76.543175,Q1
M,18,2002,77.007591,Q1
M,18,2003,76.438354,Q1
M,18,2004,77.253876,Q1
M,18,2005,77.315262,Q1
M,18,2006,77.266747,Q1
M,18,2007,77.49852,Q1
M,18,2008,77.488823,Q1
M,18,2009,77.895782,Q1
M,18,2010,76.925163,Q1
M,18,2011,77.530899,Q1
M,18,2012,77.50636300000001,Q1
M,18,2013,77.234291,Q1
M,18,2014,77.666542,Q1
M,19,2001,77.078041,Q1
M,19,2002,76.756241,Q1
M,19,2003,77.294189,Q1
M,19,2004,78.442841,Q1
M,19,2005,76.967079,Q1
M,19,2006,77.694862,Q1
M,19,2007,77.714973,Q1
M,19,2008,78.746887,Q1
M,19,2009,78.104675,Q1
M,19,2010,78.230682,Q1
M,19,2011,78.356033,Q1
M,19,2012,77.82157099999999,Q1
M,19,2013,77.147446,Q1
M,19,2014,78.877945,Q1
M,20,2001,76.876114,Q1
M,20,2002,77.888733,Q1
M,20,2003,77.372322,Q1
M,20,2004,77.15572399999999,Q1
M,20,2005,78.038239,Q1
M,20,2006,77.731461,Q1
M,20,2007,78.968559,Q1
M,20,2008,78.18615,Q1
M,20,2009,77.460335,Q1
M,20,2010,78.779945,Q1
M,20,2011,78.05935699999999,Q1
M,20,2012,78.86484499999999,Q1
M,20,2013,78.035095,Q1
M,20,2014,79.135109,Q1
M,21,2001,77.156258,Q1
M,21,2002,77.52136999999999,Q1
M,21,2003,77.421288,Q1
M,21,2004,77.56121800000001,Q1
M,21,2005,78.098564,Q1
M,21,2006,78.110077,Q1
M,21,2007,78.89875,Q1
M,21,2008,78.067627,Q1
M,21,2009,78.053223,Q1
M,21,2010,78.56588,Q1
M,21,2011,77.89263199999999,Q1
M,21,2012,78.576263,Q1
M,21,2013,78.481308,Q1
M,21,2014,79.000671,Q1
M,22,2001,77.881157,Q1
M,22,2002,77.20630600000001,Q1
M,22,2003,77.77475,Q1
M,22,2004,78.023788,Q1
M,22,2005,78.008545,Q1
M,22,2006,78.03523299999999,Q1
M,22,2007,78.583076,Q1
M,22,2008,78.08161899999999,Q1
M,22,2009,78.3116,Q1
M,22,2010,78.650635,Q1
M,22,2011,79.069328,Q1
M,22,2012,78.97560899999999,Q1
M,22,2013,78.67469,Q1
M,22,2014,79.292397,Q1
M,23,2001,76.92935899999999,Q1
M,23,2002,77.949066,Q1
M,23,2003,77.59964000000001,Q1
M,23,2004,78.023232,Q1
M,23,2005,78.300812,Q1
M,23,2006,78.15329,Q1
M,23,2007,78.896919,Q1
M,23,2008,78.232063,Q1
M,23,2009,78.512878,Q1
M,23,2010,78.748459,Q1
M,23,2011,79.144485,Q1
M,23,2012,78.294777,Q1
M,23,2013,78.958527,Q1
M,23,2014,78.730293,Q1
M,24,2001,78.21006,Q1
M,24,2002,77.567162,Q1
M,24,2003,77.682068,Q1
M,24,2004,79.12894399999999,Q1
M,24,2005,78.666656,Q1
M,24,2006,79.264595,Q1
M,24,2007,79.46106,Q1
M,24,2008,78.688805,Q1
M,24,2009,79.309296,Q1
M,24,2010,79.387283,Q1
M,24,2011,79.151352,Q1
M,24,2012,79.542763,Q1
M,24,2013,78.91481,Q1
M,24,2014,79.562813,Q1
M,25,2001,77.873222,Q1
M,25,2002,78.435631,Q1
M,25,2003,78.55751,Q1
M,25,2004,77.779655,Q1
M,25,2005,78.054688,Q1
M,25,2006,78.907059,Q1
M,25,2007,79.555832,Q1
M,25,2008,78.90168,Q1
M,25,2009,78.891075,Q1
M,25,2010,78.487877,Q1
M,25,2011,79.05381,Q1
M,25,2012,79.21934499999999,Q1
M,25,2013,79.148552,Q1
M,25,2014,79.50676700000001,Q1
M,26,2001,78.748016,Q2
M,26,2002,77.417221,Q2
M,26,2003,78.244286,Q2
M,26,2004,78.466438,Q2
M,26,2005,78.675522,Q2
M,26,2006,78.566353,Q2
M,26,2007,79.722229,Q2
M,26,2008,78.676582,Q2
M,26,2009,78.554123,Q2
M,26,2010,79.54718000000001,Q2
M,26,2011,79.510452,Q2
M,26,2012,78.957031,Q2
M,26,2013,79.084724,Q2
M,26,2014,79.429344,Q2
M,27,2001,78.12380999999999,Q2
M,27,2002,78.155106,Q2
M,27,2003,78.29145799999999,Q2
M,27,2004,77.62355,Q2
M,27,2005,79.599968,Q2
M,27,2006,79.11421999999999,Q2
M,27,2007,79.940086,Q2
M,27,2008,78.736313,Q2
M,27,2009,79.106476,Q2
M,27,2010,79.51564,Q2
M,27,2011,79.19062,Q2
M,27,2012,79.974152,Q2
M,27,2013,79.065651,Q2
M,27,2014,79.077332,Q2
M,28,2001,78.023071,Q2
M,28,2002,77.990402,Q2
M,28,2003,79.236435,Q2
M,28,2004,78.679703,Q2
M,28,2005,79.605476,Q2
M,28,2006,79.603477,Q2
M,28,2007,79.938843,Q2
M,28,2008,78.957237,Q2
M,28,2009,79.020935,Q2
M,28,2010,79.646782,Q2
M,28,2011,80.06218,Q2
M,28,2012,79.01520500000001,Q2
M,28,2013,79.193382,Q2
M,28,2014,79.817223,Q2
M,29,2001,78.485786,Q2
M,29,2002,78.786751,Q2
M,29,2003,79.21145600000001,Q2
M,29,2004,78.586037,Q2
M,29,2005,79.549362,Q2
M,29,2006,79.348579,Q2
M,29,2007,79.449974,Q2
M,29,2008,79.62116999999999,Q2
M,29,2009,78.826775,Q2
M,29,2010,80.622185,Q2
M,29,2011,81.160294,Q2
M,29,2012,79.590103,Q2
M,29,2013,79.481789,Q2
M,29,2014,79.638176,Q2
M,30,2001,78.066978,Q2
M,30,2002,78.912094,Q2
M,30,2003,78.19309200000001,Q2
M,30,2004,79.243279,Q2
M,30,2005,78.81993100000001,Q2
M,30,2006,79.813622,Q2
M,30,2007,80.239487,Q2
M,30,2008,79.498566,Q2
M,30,2009,79.70300300000001,Q2
M,30,2010,79.881874,Q2
M,30,2011,79.241348,Q2
M,30,2012,80.057968,Q2
M,30,2013,79.354576,Q2
M,30,2014,80.628387,Q2
M,31,2001,78.687973,Q2
M,31,2002,78.96112099999999,Q2
M,31,2003,78.446304,Q2
M,31,2004,79.870834,Q2
M,31,2005,80.528809,Q2
M,31,2006,80.144829,Q2
M,31,2007,80.359276,Q2
M,31,2008,79.683151,Q2
M,31,2009,79.214539,Q2
M,31,2010,80.21108199999999,Q2
M,31,2011,80.608627,Q2
M,31,2012,80.50836899999999,Q2
M,31,2013,79.017776,Q2
M,31,2014,79.634148,Q2
M,32,2001,78.54811099999999,Q2
M,32,2002,78.957397,Q2
M,32,2003,79.371773,Q2
M,32,2004,79.904404,Q2
M,32,2005,79.836678,Q2
M,32,2006,79.590546,Q2
M,32,2007,80.541084,Q2
M,32,2008,80.325638,Q2
M,32,2009,80.37198599999999,Q2
M,32,2010,80.191193,Q2
M,32,2011,79.694229,Q2
M,32,2012,80.390732,Q2
M,32,2013,79.720116,Q2
M,32,2014,79.045563,Q2
M,33,2001,79.315239,Q2
M,33,2002,78.497375,Q2
M,33,2003,80.39813199999999,Q2
M,33,2004,79.359589,Q2
M,33,2005,80.239304,Q2
M,33,2006,80.508255,Q2
M,33,2007,80.3162,Q2
M,33,2008,79.985962,Q2
M,33,2009,80.505424,Q2
M,33,2010,80.647667,Q2
M,33,2011,80.28944399999999,Q2
M,33,2012,79.51101700000001,Q2
M,33,2013,79.97890500000001,Q2
M,33,2014,81.243477,Q2
M,34,2001,79.114822,Q2
M,34,2002,79.66674,Q2
M,34,2003,80.05686999999999,Q2
M,34,2004,80.191956,Q2
M,34,2005,80.592499,Q2
M,34,2006,80.724129,Q2
M,34,2007,80.26911899999999,Q2
M,34,2008,80.813965,Q2
M,34,2009,80.79555500000001,Q2
M,34,2010,80.735054,Q2
M,34,2011,80.477676,Q2
M,34,2012,80.282143,Q2
M,34,2013,80.29435,Q2
M,34,2014,79.954094,Q2
M,35,2001,78.680634,Q2
M,35,2002,79.652023,Q2
M,35,2003,79.500977,Q2
M,35,2004,79.86970500000001,Q2
M,35,2005,79.308952,Q2
M,35,2006,80.429146,Q2
M,35,2007,81.273933,Q2
M,35,2008,80.965385,Q2
M,35,2009,81.22171800000001,Q2
M,35,2010,81.76149699999999,Q2
M,35,2011,81.15594499999999,Q2
M,35,2012,81.382324,Q2
M,35,2013,80.29383100000001,Q2
M,35,2014,81.13426199999999,Q2
M,36,2001,79.843163,Q2
M,36,2002,80.153313,Q2
M,36,2003,79.204918,Q2
M,36,2004,80.482384,Q2
M,36,2005,80.428551,Q2
M,36,2006,80.942802,Q2
M,36,2007,80.996078,Q2
M,36,2008,80.837158,Q2
M,36,2009,81.485825,Q2
M,36,2010,81.676613,Q2
M,36,2011,81.501175,Q2
M,36,2012,80.83239,Q2
M,36,2013,81.322968,Q2
M,36,2014,81.207123,Q2
M,37,2001,80.732796,Q2
M,37,2002,80.23898299999999,Q2
M,37,2003,80.46907,Q2
M,37,2004,80.72269399999999,Q2
M,37,2005,81.09075899999999,Q2
M,37,2006,81.048126,Q2
M,37,2007,81.051666,Q2
M,37,2008,80.480499,Q2
M,37,2009,81.19238299999999,Q2
M,37,2010,81.16885400000001,Q2
M,37,2011,81.702454,Q2
M,37,2012,80.957626,Q2
M,37,2013,81.76149699999999,Q2
M,37,2014,80.941185,Q2
M,38,2001,79.408524,Q2
M,38,2002,79.723221,Q2
M,38,2003,80.191261,Q2
M,38,2004,81.20523100000001,Q2
M,38,2005,81.306282,Q2
M,38,2006,80.458038,Q2
M,38,2007,81.344818,Q2
M,38,2008,80.801964,Q2
M,38,2009,80.850876,Q2
M,38,2010,82.485962,Q2
M,38,2011,81.936432,Q2
M,38,2012,81.5326,Q2
M,38,2013,81.176071,Q2
M,38,2014,82.288864,Q2
M,39,2001,81.119553,Q2
M,39,2002,80.814995,Q2
M,39,2003,80.32196,Q2
M,39,2004,79.859596,Q2
M,39,2005,80.56465899999999,Q2
M,39,2006,80.636986,Q2
M,39,2007,81.40374,Q2
M,39,2008,82.093819,Q2
M,39,2009,81.22077900000001,Q2
M,39,2010,81.14534,Q2
M,39,2011,82.679909,Q2
M,39,2012,81.82096899999999,Q2
M,39,2013,80.74185899999999,Q2
M,39,2014,82.091171,Q2
M,40,2001,79.76690699999999,Q2
M,40,2002,80.442879,Q2
M,40,2003,80.836533,Q2
M,40,2004,81.07869000000001,Q2
M,40,2005,82.024101,Q2
M,40,2006,80.91755699999999,Q2
M,40,2007,82.50032,Q2
M,40,2008,82.312004,Q2
M,40,2009,81.02668,Q2
M,40,2010,81.95179,Q2
M,40,2011,82.392326,Q2
M,40,2012,80.880074,Q2
M,40,2013,81.97287,Q2
M,40,2014,82.00574499999999,Q2
M,41,2001,80.306839,Q2
M,41,2002,80.54982,Q2
M,41,2003,80.797516,Q2
M,41,2004,81.794525,Q2
M,41,2005,81.600914,Q2
M,41,2006,81.584824,Q2
M,41,2007,82.395691,Q2
M,41,2008,82.329018,Q2
M,41,2009,81.253807,Q2
M,41,2010,81.439133,Q2
M,41,2011,82.844559,Q2
M,41,2012,81.402916,Q2
M,41,2013,81.98093399999999,Q2
M,41,2014,82.138458,Q2
M,42,2001,80.67068499999999,Q2
M,42,2002,79.791824,Q2
M,42,2003,81.368263,Q2
M,42,2004,80.761528,Q2
M,42,2005,81.360191,Q2
M,42,2006,81.658661,Q2
M,42,2007,82.1082,Q2
M,42,2008,82.090988,Q2
M,42,2009,82.06639100000001,Q2
M,42,2010,81.847626,Q2
M,42,2011,81.802864,Q2
M,42,2012,82.52131700000001,Q2
M,42,2013,81.667503,Q2
M,42,2014,82.47107700000001,Q2
M,43,2001,79.818596,Q2
M,43,2002,81.089989,Q2
M,43,2003,81.056877,Q2
M,43,2004,80.496811,Q2
M,43,2005,81.110184,Q2
M,43,2006,82.315895,Q2
M,43,2007,82.05319200000001,Q2
M,43,2008,82.805183,Q2
M,43,2009,82.35192099999999,Q2
M,43,2010,82.219894,Q2
M,43,2011,82.634651,Q2
M,43,2012,82.501427,Q2
M,43,2013,81.87831899999999,Q2
M,43,2014,82.09189599999999,Q2
M,44,2001,80.792213,Q2
M,44,2002,80.220718,Q2
M,44,2003,79.93968199999999,Q2
M,44,2004,81.267418,Q2
M,44,2005,81.890259,Q2
M,44,2006,81.424759,Q2
M,44,2007,81.77914399999999,Q2
M,44,2008,82.579002,Q2
M,44,2009,82.890511,Q2
M,44,2010,82.734344,Q2
M,44,2011,82.548126,Q2
M,44,2012,83.011414,Q2
M,44,2013,82.481247,Q2
M,44,2014,82.166275,Q2
M,45,2001,79.711052,Q2
M,45,2002,81.326027,Q2
M,45,2003,81.21144100000001,Q2
M,45,2004,80.5989,Q2
M,45,2005,81.99098199999999,Q2
M,45,2006,82.650856,Q2
M,45,2007,81.918716,Q2
M,45,2008,81.584137,Q2
M,45,2009,82.3461,Q2
M,45,2010,82.978752,Q2
M,45,2011,82.624077,Q2
M,45,2012,82.314163,Q2
M,45,2013,82.200027,Q2
M,45,2014,82.508255,Q2
M,46,2001,81.23819,Q2
M,46,2002,81.629547,Q2
M,46,2003,82.425781,Q2
M,46,2004,82.388802,Q2
M,46,2005,81.190437,Q2
M,46,2006,81.716286,Q2
M,46,2007,82.48732,Q2
M,46,2008,82.18881999999999,Q2
M,46,2009,81.512985,Q2
M,46,2010,82.167778,Q2
M,46,2011,81.930275,Q2
M,46,2012,82.306763,Q2
M,46,2013,82.842812,Q2
M,46,2014,82.368042,Q2
M,47,2001,81.090408,Q2
M,47,2002,79.646576,Q2
M,47,2003,81.225761,Q2
M,47,2004,81.92878,Q2
M,47,2005,81.376175,Q2
M,47,2006,81.952568,Q2
M,47,2007,82.191559,Q2
M,47,2008,83.103844,Q2
M,47,2009,82.447998,Q2
M,47,2010,82.983704,Q2
M,47,2011,82.397537,Q2
M,47,2012,81.82807199999999,Q2
M,47,2013,82.366188,Q2
M,47,2014,82.464851,Q2
M,48,2001,80.029625,Q2
M,48,2002,80.88119499999999,Q2
M,48,2003,80.87986,Q2
M,48,2004,80.812012,Q2
M,48,2005,82.16931899999999,Q2
M,48,2006,81.74640699999999,Q2
M,48,2007,82.204926,Q2
M,48,2008,83.17189,Q2
M,48,2009,82.620949,Q2
M,48,2010,83.387489,Q2
M,48,2011,83.286987,Q2
M,48,2012,83.502769,Q2
M,48,2013,83.056549,Q2
M,48,2014,83.395554,Q2
M,49,2001,80.586105,Q2
M,49,2002,80.145317,Q2
M,49,2003,81.255478,Q2
M,49,2004,81.97934000000001,Q2
M,49,2005,81.646408,Q2
M,49,2006,81.859802,Q2
M,49,2007,82.49524699999999,Q2
M,49,2008,83.272522,Q2
M,49,2009,82.65550999999999,Q2
M,49,2010,83.208061,Q2
M,49,2011,82.700645,Q2
M,49,2012,82.739769,Q2
M,49,2013,82.410667,Q2
M,49,2014,82.435066,Q2
M,50,2001,81.074837,Q2
M,50,2002,82.106636,Q2
M,50,2003,82.329201,Q2
M,50,2004,81.027046,Q2
M,50,2005,82.549934,Q2
M,50,2006,81.658508,Q2
M,50,2007,82.885262,Q2
M,50,2008,81.96965,Q2
M,50,2009,82.233971,Q2
M,50,2010,82.90696,Q2
M,50,2011,82.530937,Q2
M,50,2012,82.74514,Q2
M,50,2013,83.546684,Q2
M,50,2014,82.585297,Q2
M,51,2001,82.423874,Q3
M,51,2002,80.455093,Q3
M,51,2003,81.168251,Q3
M,51,2004,81.399857,Q3
M,51,2005,82.21981,Q3
M,51,2006,82.007797,Q3
M,51,2007,83.301331,Q3
M,51,2008,82.17370600000001,Q3
M,51,2009,83.851997,Q3
M,51,2010,83.34500899999999,Q3
M,51,2011,81.973686,Q3
M,51,2012,83.217484,Q3
M,51,2013,83.37706,Q3
M,51,2014,83.944725,Q3
M,52,2001,81.142136,Q3
M,52,2002,80.700218,Q3
M,52,2003,82.724113,Q3
M,52,2004,82.467552,Q3
M,52,2005,81.269524,Q3
M,52,2006,82.879311,Q3
M,52,2007,82.59174300000001,Q3
M,52,2008,82.158073,Q3
M,52,2009,83.071976,Q3
M,52,2010,82.134804,Q3
M,52,2011,83.035774,Q3
M,52,2012,83.334404,Q3
M,52,2013,82.672676,Q3
M,52,2014,83.12471,Q3
M,53,2001,80.579628,Q3
M,53,2002,81.36158,Q3
M,53,2003,82.0159,Q3
M,53,2004,82.85141,Q3
M,53,2005,82.51217700000001,Q3
M,53,2006,82.879456,Q3
M,53,2007,83.6492,Q3
M,53,2008,82.805077,Q3
M,53,2009,83.376701,Q3
M,53,2010,83.183571,Q3
M,53,2011,83.514252,Q3
M,53,2012,82.892448,Q3
M,53,2013,83.527199,Q3
M,53,2014,83.665314,Q3
M,54,2001,81.77565799999999,Q3
M,54,2002,80.882362,Q3
M,54,2003,81.720169,Q3
M,54,2004,82.119514,Q3
M,54,2005,82.800003,Q3
M,54,2006,82.56073,Q3
M,54,2007,82.381134,Q3
M,54,2008,82.775375,Q3
M,54,2009,83.253799,Q3
M,54,2010,82.285255,Q3
M,54,2011,83.09524499999999,Q3
M,54,2012,83.70111800000001,Q3
M,54,2013,83.451363,Q3
M,54,2014,83.296051,Q3
M,55,2001,81.158005,Q3
M,55,2002,82.19393199999999,Q3
M,55,2003,82.992203,Q3
M,55,2004,81.97466999999999,Q3
M,55,2005,82.084496,Q3
M,55,2006,82.15119200000001,Q3
M,55,2007,82.914505,Q3
M,55,2008,83.304497,Q3
M,55,2009,82.71994000000001,Q3
M,55,2010,83.638672,Q3
M,55,2011,83.642166,Q3
M,55,2012,82.981537,Q3
M,55,2013,82.423477,Q3
M,55,2014,83.226753,Q3
M,56,2001,81.63501,Q3
M,56,2002,82.29055,Q3
M,56,2003,81.069572,Q3
M,56,2004,82.875496,Q3
M,56,2005,82.84348299999999,Q3
M,56,2006,83.0354,Q3
M,56,2007,83.700882,Q3
M,56,2008,83.338799,Q3
M,56,2009,83.124207,Q3
M,56,2010,83.283714,Q3
M,56,2011,84.147537,Q3
M,56,2012,82.814499,Q3
M,56,2013,83.186409,Q3
M,56,2014,82.96234100000001,Q3
M,57,2001,81.301979,Q3
M,57,2002,82.445503,Q3
M,57,2003,81.07933,Q3
M,57,2004,81.167282,Q3
M,57,2005,83.045265,Q3
M,57,2006,83.041336,Q3
M,57,2007,83.498039,Q3
M,57,2008,83.738098,Q3
M,57,2009,83.32711,Q3
M,57,2010,82.971863,Q3
M,57,2011,83.285423,Q3
M,57,2012,83.029327,Q3
M,57,2013,84.280746,Q3
M,57,2014,85.041199,Q3
M,58,2001,81.475861,Q3
M,58,2002,82.32621,Q3
M,58,2003,81.59650400000001,Q3
M,58,2004,81.96255500000001,Q3
M,58,2005,83.63131,Q3
M,58,2006,83.351074,Q3
M,58,2007,84.157967,Q3
M,58,2008,82.55690799999999,Q3
M,58,2009,84.213013,Q3
M,58,2010,82.907715,Q3
M,58,2011,83.608742,Q3
M,58,2012,82.947556,Q3
M,58,2013,83.752403,Q3
M,58,2014,84.53199000000001,Q3
M,59,2001,81.272408,Q3
M,59,2002,82.809937,Q3
M,59,2003,82.499657,Q3
M,59,2004,83.16100300000001,Q3
M,59,2005,82.631233,Q3
M,59,2006,83.306747,Q3
M,59,2007,83.59719799999999,Q3
M,59,2008,83.051888,Q3
M,59,2009,83.364586,Q3
M,59,2010,83.904427,Q3
M,59,2011,83.996826,Q3
M,59,2012,83.638885,Q3
M,59,2013,82.663673,Q3
M,59,2014,83.971542,Q3
M,60,2001,81.86457800000001,Q3
M,60,2002,83.22341899999999,Q3
M,60,2003,82.45450600000001,Q3
M,60,2004,83.492859,Q3
M,60,2005,82.441475,Q3
M,60,2006,82.370003,Q3
M,60,2007,83.586288,Q3
M,60,2008,83.664185,Q3
M,60,2009,84.29229000000001,Q3
M,60,2010,83.485291,Q3
M,60,2011,84.030869,Q3
M,60,2012,84.042603,Q3
M,60,2013,83.62706800000001,Q3
M,60,2014,84.483704,Q3
M,61,2001,82.358772,Q3
M,61,2002,82.024925,Q3
M,61,2003,82.777283,Q3
M,61,2004,82.59773299999999,Q3
M,61,2005,82.467201,Q3
M,61,2006,83.262276,Q3
M,61,2007,83.601067,Q3
M,61,2008,83.72139,Q3
M,61,2009,83.229271,Q3
M,61,2010,84.117264,Q3
M,61,2011,84.613403,Q3
M,61,2012,83.89376800000001,Q3
M,61,2013,84.134254,Q3
M,61,2014,85.022148,Q3
M,62,2001,82.524559,Q3
M,62,2002,82.197395,Q3
M,62,2003,82.390579,Q3
M,62,2004,83.425751,Q3
M,62,2005,83.846489,Q3
M,62,2006,83.524826,Q3
M,62,2007,84.32086899999999,Q3
M,62,2008,82.295456,Q3
M,62,2009,83.636314,Q3
M,62,2010,83.261314,Q3
M,62,2011,84.343262,Q3
M,62,2012,83.758698,Q3
M,62,2013,84.20587900000001,Q3
M,62,2014,85.00589000000001,Q3
M,63,2001,83.44068100000001,Q3
M,63,2002,83.093094,Q3
M,63,2003,82.311226,Q3
M,63,2004,82.737099,Q3
M,63,2005,83.299995,Q3
M,63,2006,83.473679,Q3
M,63,2007,84.933868,Q3
M,63,2008,85.109741,Q3
M,63,2009,84.160103,Q3
M,63,2010,83.802132,Q3
M,63,2011,84.550026,Q3
M,63,2012,84.494217,Q3
M,63,2013,83.395676,Q3
M,63,2014,84.396378,Q3
M,64,2001,82.984245,Q3
M,64,2002,81.477753,Q3
M,64,2003,82.701035,Q3
M,64,2004,82.716049,Q3
M,64,2005,82.996437,Q3
M,64,2006,82.881416,Q3
M,64,2007,84.17132600000001,Q3
M,64,2008,83.76424399999999,Q3
M,64,2009,85.172951,Q3
M,64,2010,84.072784,Q3
M,64,2011,84.458145,Q3
M,64,2012,83.641609,Q3
M,64,2013,84.490135,Q3
M,64,2014,84.58408399999999,Q3
M,65,2001,82.400002,Q3
M,65,2002,82.847984,Q3
M,65,2003,82.740219,Q3
M,65,2004,82.84585600000001,Q3
M,65,2005,83.56920600000001,Q3
M,65,2006,83.94825,Q3
M,65,2007,84.214973,Q3
M,65,2008,84.083031,Q3
M,65,2009,85.263657,Q3
M,65,2010,83.906006,Q3
M,65,2011,83.884827,Q3
M,65,2012,84.88608599999999,Q3
M,65,2013,84.877747,Q3
M,65,2014,85.600479,Q3
M,66,2001,83.241287,Q3
M,66,2002,82.59172099999999,Q3
M,66,2003,83.751801,Q3
M,66,2004,83.35790300000001,Q3
M,66,2005,84.452759,Q3
M,66,2006,84.16583299999999,Q3
M,66,2007,83.436356,Q3
M,66,2008,83.811623,Q3
M,66,2009,84.888802,Q3
M,66,2010,83.897385,Q3
M,66,2011,84.84616899999999,Q3
M,66,2012,84.309929,Q3
M,66,2013,84.920288,Q3
M,66,2014,85.00230400000001,Q3
M,67,2001,82.152695,Q3
M,67,2002,82.660561,Q3
M,67,2003,82.88780200000001,Q3
M,67,2004,83.440239,Q3
M,67,2005,83.714462,Q3
M,67,2006,83.779732,Q3
M,67,2007,83.974068,Q3
M,67,2008,83.85114300000001,Q3
M,67,2009,84.37854,Q3
M,67,2010,85.58330500000001,Q3
M,67,2011,83.932327,Q3
M,67,2012,84.00876600000001,Q3
M,67,2013,84.852028,Q3
M,67,2014,85.42049399999999,Q3
M,68,2001,83.746643,Q3
M,68,2002,84.227036,Q3
M,68,2003,82.95938100000001,Q3
M,68,2004,84.106339,Q3
M,68,2005,83.603645,Q3
M,68,2006,85.117142,Q3
M,68,2007,84.802452,Q3
M,68,2008,84.287666,Q3
M,68,2009,83.915726,Q3
M,68,2010,84.464798,Q3
M,68,2011,85.100388,Q3
M,68,2012,85.942589,Q3
M,68,2013,85.084816,Q3
M,68,2014,85.914963,Q3
M,69,2001,82.825928,Q3
M,69,2002,82.824432,Q3
M,69,2003,83.398636,Q3
M,69,2004,83.384636,Q3
M,69,2005,83.817101,Q3
M,69,2006,84.926674,Q3
M,69,2007,83.753113,Q3
M,69,2008,84.465492,Q3
M,69,2009,84.152199,Q3
M,69,2010,84.197281,Q3
M,69,2011,83.74668100000001,Q3
M,69,2012,85.578491,Q3
M,69,2013,85.912086,Q3
M,69,2014,85.127945,Q3
M,70,2001,83.352425,Q3
M,70,2002,81.96891,Q3
M,70,2003,82.95835100000001,Q3
M,70,2004,83.054108,Q3
M,70,2005,82.80818199999999,Q3
M,70,2006,83.869247,Q3
M,70,2007,83.403778,Q3
M,70,2008,84.93504300000001,Q3
M,70,2009,84.99601700000001,Q3
M,70,2010,84.300781,Q3
M,70,2011,85.20124100000001,Q3
M,70,2012,84.71417199999999,Q3
M,70,2013,85.240776,Q3
M,70,2014,85.82045699999999,Q3
M,71,2001,82.224602,Q3
M,71,2002,83.726624,Q3
M,71,2003,83.24613199999999,Q3
M,71,2004,83.946503,Q3
M,71,2005,83.72845500000001,Q3
M,71,2006,84.71461500000001,Q3
M,71,2007,84.164764,Q3
M,71,2008,84.729263,Q3
M,71,2009,84.944878,Q3
M,71,2010,85.052681,Q3
M,71,2011,86.006119,Q3
M,71,2012,85.676941,Q3
M,71,2013,86.30529,Q3
M,71,2014,85.517044,Q3
M,72,2001,83.889748,Q3
M,72,2002,83.505913,Q3
M,72,2003,83.325539,Q3
M,72,2004,83.16686999999999,Q3
M,72,2005,84.84985400000001,Q3
M,72,2006,82.489777,Q3
M,72,2007,85.310516,Q3
M,72,2008,84.594803,Q3
M,72,2009,85.097038,Q3
M,72,2010,84.79927099999999,Q3
M,72,2011,84.336922,Q3
M,72,2012,85.314224,Q3
M,72,2013,85.69809000000001,Q3
M,72,2014,86.31504100000001,Q3
M,73,2001,83.841248,Q3
M,73,2002,82.975998,Q3
M,73,2003,83.76434300000001,Q3
M,73,2004,84.56532299999999,Q3
M,73,2005,84.15323599999999,Q3
M,73,2006,84.95414699999999,Q3
M,73,2007,85.132324,Q3
M,73,2008,86.195786,Q3
M,73,2009,85.66081199999999,Q3
M,73,2010,85.911423,Q3
M,73,2011,85.81591,Q3
M,73,2012,85.16926600000001,Q3
M,73,2013,85.848663,Q3
M,73,2014,85.057381,Q3
M,74,2001,82.67896999999999,Q3
M,74,2002,82.66838100000001,Q3
M,74,2003,83.092834,Q3
M,74,2004,83.81929000000001,Q3
M,74,2005,83.883408,Q3
M,74,2006,84.763283,Q3
M,74,2007,84.707146,Q3
M,74,2008,85.493462,Q3
M,74,2009,85.053421,Q3
M,74,2010,85.275604,Q3
M,74,2011,84.840233,Q3
M,74,2012,85.759872,Q3
M,74,2013,86.167938,Q3
M,74,2014,85.874199,Q3
M,75,2001,83.95517,Q3
M,75,2002,83.438004,Q3
M,75,2003,82.800545,Q3
M,75,2004,83.678535,Q3
M,75,2005,84.618492,Q3
M,75,2006,84.646637,Q3
M,75,2007,85.115662,Q3
M,75,2008,85.321655,Q3
M,75,2009,85.209358,Q3
M,75,2010,84.595795,Q3
M,75,2011,84.38655899999999,Q3
M,75,2012,86.19950899999999,Q3
M,75,2013,86.521263,Q3
M,75,2014,86.130455,Q3
M,76,2001,82.647095,Q4
M,76,2002,83.576347,Q4
M,76,2003,83.764786,Q4
M,76,2004,83.749847,Q4
M,76,2005,85.560577,Q4
M,76,2006,84.916763,Q4
M,76,2007,85.17115,Q4
M,76,2008,85.766922,Q4
M,76,2009,84.834625,Q4
M,76,2010,86.07688900000001,Q4
M,76,2011,85.311066,Q4
M,76,2012,86.118851,Q4
M,76,2013,84.915062,Q4
M,76,2014,86.511139,Q4
M,77,2001,83.591499,Q4
M,77,2002,83.75799599999999,Q4
M,77,2003,83.035507,Q4
M,77,2004,82.639473,Q4
M,77,2005,84.670082,Q4
M,77,2006,84.547691,Q4
M,77,2007,85.301804,Q4
M,77,2008,85.72789,Q4
M,77,2009,85.917015,Q4
M,77,2010,85.37690699999999,Q4
M,77,2011,85.473701,Q4
M,77,2012,84.757706,Q4
M,77,2013,86.427887,Q4
M,77,2014,85.704987,Q4
M,78,2001,83.599281,Q4
M,78,2002,82.663795,Q4
M,78,2003,83.558258,Q4
M,78,2004,84.399452,Q4
M,78,2005,83.999802,Q4
M,78,2006,83.858696,Q4
M,78,2007,84.557091,Q4
M,78,2008,85.735451,Q4
M,78,2009,86.043938,Q4
M,78,2010,86.48735,Q4
M,78,2011,85.517944,Q4
M,78,2012,86.039589,Q4
M,78,2013,85.20082099999999,Q4
M,78,2014,85.94830300000001,Q4
M,79,2001,82.926216,Q4
M,79,2002,84.324547,Q4
M,79,2003,83.41848,Q4
M,79,2004,83.45002,Q4
M,79,2005,83.89323399999999,Q4
M,79,2006,86.253265,Q4
M,79,2007,85.774559,Q4
M,79,2008,85.746651,Q4
M,79,2009,85.937782,Q4
M,79,2010,86.407524,Q4
M,79,2011,85.603394,Q4
M,79,2012,85.213654,Q4
M,79,2013,85.472084,Q4
M,79,2014,85.12685400000001,Q4
M,80,2001,83.65280200000001,Q4
M,80,2002,84.459953,Q4
M,80,2003,83.37406899999999,Q4
M,80,2004,84.035851,Q4
M,80,2005,84.31189,Q4
M,80,2006,84.362648,Q4
M,80,2007,84.985413,Q4
M,80,2008,85.828224,Q4
M,80,2009,86.77280400000001,Q4
M,80,2010,85.826775,Q4
M,80,2011,87.482254,Q4
M,80,2012,85.90818,Q4
M,80,2013,86.080444,Q4
M,80,2014,85.60842099999999,Q4
M,81,2001,84.231911,Q4
M,81,2002,84.111305,Q4
M,81,2003,84.837135,Q4
M,81,2004,83.88398000000001,Q4
M,81,2005,83.856651,Q4
M,81,2006,84.593422,Q4
M,81,2007,85.233528,Q4
M,81,2008,85.92498,Q4
M,81,2009,87.473373,Q4
M,81,2010,85.348343,Q4
M,81,2011,84.834526,Q4
M,81,2012,85.12730400000001,Q4
M,81,2013,86.191124,Q4
M,81,2014,85.742188,Q4
M,82,2001,83.138733,Q4
M,82,2002,83.21597299999999,Q4
M,82,2003,84.54740100000001,Q4
M,82,2004,84.822502,Q4
M,82,2005,83.645081,Q4
M,82,2006,85.11668399999999,Q4
M,82,2007,85.740311,Q4
M,82,2008,85.358475,Q4
M,82,2009,85.794647,Q4
M,82,2010,85.228714,Q4
M,82,2011,86.89233399999999,Q4
M,82,2012,84.691498,Q4
M,82,2013,86.92462900000001,Q4
M,82,2014,86.374062,Q4
M,83,2001,84.118217,Q4
M,83,2002,84.08606,Q4
M,83,2003,82.804825,Q4
M,83,2004,84.783485,Q4
M,83,2005,83.75647,Q4
M,83,2006,85.619545,Q4
M,83,2007,86.273483,Q4
M,83,2008,86.194435,Q4
M,83,2009,86.412994,Q4
M,83,2010,86.41529799999999,Q4
M,83,2011,87.174042,Q4
M,83,2012,85.228767,Q4
M,83,2013,86.407394,Q4
M,83,2014,86.242294,Q4
M,84,2001,83.34585600000001,Q4
M,84,2002,84.251755,Q4
M,84,2003,84.79858399999999,Q4
M,84,2004,84.67227199999999,Q4
M,84,2005,84.760086,Q4
M,84,2006,86.549171,Q4
M,84,2007,86.682312,Q4
M,84,2008,86.435875,Q4
M,84,2009,86.23940999999999,Q4
M,84,2010,86.089157,Q4
M,84,2011,86.292946,Q4
M,84,2012,86.223351,Q4
M,84,2013,86.224571,Q4
M,84,2014,86.58201600000001,Q4
M,85,2001,84.11177099999999,Q4
M,85,2002,83.260849,Q4
M,85,2003,84.608994,Q4
M,85,2004,84.789101,Q4
M,85,2005,85.578751,Q4
M,85,2006,85.960426,Q4
M,85,2007,84.29361,Q4
M,85,2008,84.92115799999999,Q4
M,85,2009,85.867287,Q4
M,85,2010,85.71978,Q4
M,85,2011,85.13209499999999,Q4
M,85,2012,86.55703000000001,Q4
M,85,2013,86.910843,Q4
M,85,2014,86.937416,Q4
M,86,2001,84.58445,Q4
M,86,2002,84.01368000000001,Q4
M,86,2003,83.868111,Q4
M,86,2004,85.979446,Q4
M,86,2005,85.889847,Q4
M,86,2006,85.33548,Q4
M,86,2007,86.085121,Q4
M,86,2008,86.067833,Q4
M,86,2009,86.71378299999999,Q4
M,86,2010,86.802399,Q4
M,86,2011,86.04400600000001,Q4
M,86,2012,85.471962,Q4
M,86,2013,86.083153,Q4
M,86,2014,85.70264399999999,Q4
M,87,2001,84.205536,Q4
M,87,2002,83.300476,Q4
M,87,2003,83.666832,Q4
M,87,2004,83.631813,Q4
M,87,2005,84.968452,Q4
M,87,2006,85.03624,Q4
M,87,2007,86.024063,Q4
M,87,2008,86.060577,Q4
M,87,2009,87.45446,Q4
M,87,2010,87.384682,Q4
M,87,2011,87.115913,Q4
M,87,2012,86.573128,Q4
M,87,2013,86.190651,Q4
M,87,2014,87.295113,Q4
M,88,2001,84.674583,Q4
M,88,2002,83.705376,Q4
M,88,2003,83.835358,Q4
M,88,2004,85.291023,Q4
M,88,2005,84.848061,Q4
M,88,2006,85.00177,Q4
M,88,2007,86.811073,Q4
M,88,2008,85.485435,Q4
M,88,2009,85.902176,Q4
M,88,2010,86.339539,Q4
M,88,2011,86.820824,Q4
M,88,2012,86.694962,Q4
M,88,2013,85.679817,Q4
M,88,2014,88.023865,Q4
M,89,2001,85.010628,Q4
M,89,2002,85.04941600000001,Q4
M,89,2003,84.11462399999999,Q4
M,89,2004,84.796082,Q4
M,89,2005,85.57012900000001,Q4
M,89,2006,86.843124,Q4
M,89,2007,86.3088,Q4
M,89,2008,85.437637,Q4
M,89,2009,86.55618299999999,Q4
M,89,2010,86.949783,Q4
M,89,2011,85.730225,Q4
M,89,2012,86.82476,Q4
M,89,2013,87.482384,Q4
M,89,2014,86.60736800000001,Q4
M,90,2001,85.25269300000001,Q4
M,90,2002,85.191612,Q4
M,90,2003,85.375488,Q4
M,90,2004,85.25458499999999,Q4
M,90,2005,85.844528,Q4
M,90,2006,86.30378,Q4
M,90,2007,86.572266,Q4
M,90,2008,85.651596,Q4
M,90,2009,87.05532099999999,Q4
M,90,2010,85.984222,Q4
M,90,2011,86.76123,Q4
M,90,2012,86.565956,Q4
M,90,2013,87.129425,Q4
M,90,2014,88.346756,Q4
M,91,2001,84.102859,Q4
M,91,2002,84.937202,Q4
M,91,2003,85.020226,Q4
M,91,2004,86.16655,Q4
M,91,2005,85.523537,Q4
M,91,2006,86.40884399999999,Q4
M,91,2007,86.119743,Q4
M,91,2008,87.709343,Q4
M,91,2009,85.088875,Q4
M,91,2010,86.778008,Q4
M,91,2011,87.31478100000001,Q4
M,91,2012,87.608284,Q4
M,91,2013,86.948219,Q4
M,91,2014,87.587257,Q4
M,92,2001,86.463852,Q4
M,92,2002,85.16188000000001,Q4
M,92,2003,85.04454,Q4
M,92,2004,85.68821700000001,Q4
M,92,2005,86.609116,Q4
M,92,2006,86.705849,Q4
M,92,2007,86.966759,Q4
M,92,2008,86.16346,Q4
M,92,2009,87.252808,Q4
M,92,2010,86.588173,Q4
M,92,2011,87.589203,Q4
M,92,2012,87.237549,Q4
M,92,2013,87.87428299999999,Q4
M,92,2014,87.986885,Q4
M,93,2001,85.340866,Q4
M,93,2002,83.96977199999999,Q4
M,93,2003,85.261147,Q4
M,93,2004,86.302582,Q4
M,93,2005,85.70405600000001,Q4
M,93,2006,84.970512,Q4
M,93,2007,86.134888,Q4
M,93,2008,88.118881,Q4
M,93,2009,86.142143,Q4
M,93,2010,87.350563,Q4
M,93,2011,88.16130799999999,Q4
M,93,2012,88.195625,Q4
M,93,2013,87.316841,Q4
M,93,2014,87.49814599999999,Q4
M,94,2001,85.953514,Q4
M,94,2002,85.000824,Q4
M,94,2003,85.495918,Q4
M,94,2004,86.21198299999999,Q4
M,94,2005,86.7248,Q4
M,94,2006,87.009956,Q4
M,94,2007,85.269638,Q4
M,94,2008,87.424934,Q4
M,94,2009,87.721428,Q4
M,94,2010,87.725227,Q4
M,94,2011,87.90520500000001,Q4
M,94,2012,87.695847,Q4
M,94,2013,87.373863,Q4
M,94,2014,87.72022199999999,Q4
M,95,2001,85.341171,Q4
M,95,2002,85.863022,Q4
M,95,2003,86.29409,Q4
M,95,2004,87.106285,Q4
M,95,2005,86.568108,Q4
M,95,2006,87.839729,Q4
M,95,2007,85.14209,Q4
M,95,2008,86.801987,Q4
M,95,2009,86.880844,Q4
M,95,2010,87.510338,Q4
M,95,2011,86.582275,Q4
M,95,2012,86.717102,Q4
M,95,2013,87.37404599999999,Q4
M,95,2014,88.521927,Q4
M,96,2001,85.585365,Q4
M,96,2002,84.837036,Q4
M,96,2003,85.125221,Q4
M,96,2004,85.91551199999999,Q4
M,96,2005,86.848587,Q4
M,96,2006,86.859787,Q4
M,96,2007,87.05899000000001,Q4
M,96,2008,86.603943,Q4
M,96,2009,87.668716,Q4
M,96,2010,87.947609,Q4
M,96,2011,88.015244,Q4
M,96,2012,86.858406,Q4
M,96,2013,88.012238,Q4
M,96,2014,87.721924,Q4
M,97,2001,86.920204,Q4
M,97,2002,85.751152,Q4
M,97,2003,84.983246,Q4
M,97,2004,87.422432,Q4
M,97,2005,86.51436600000001,Q4
M,97,2006,86.617439,Q4
M,97,2007,85.706299,Q4
M,97,2008,87.37928000000001,Q4
M,97,2009,86.340477,Q4
M,97,2010,88.584854,Q4
M,97,2011,87.967735,Q4
M,97,2012,87.03334,Q4
M,97,2013,88.894417,Q4
M,97,2014,88.617989,Q4
M,98,2001,85.9758,Q4
M,98,2002,85.37844799999999,Q4
M,98,2003,87.037048,Q4
M,98,2004,87.480438,Q4
M,98,2005,87.569824,Q4
M,98,2006,86.79499100000001,Q4
M,98,2007,87.349503,Q4
M,98,2008,88.18476899999999,Q4
M,98,2009,87.319412,Q4
M,98,2010,87.464043,Q4
M,98,2011,88.29705799999999,Q4
M,98,2012,87.598869,Q4
M,98,2013,87.766136,Q4
M,98,2014,87.984863,Q4
M,99,2001,87.608307,Q4
M,99,2002,85.120277,Q4
M,99,2003,86.60327099999999,Q4
M,99,2004,86.55477900000001,Q4
M,99,2005,87.584625,Q4
M,99,2006,88.27602399999999,Q4
M,99,2007,88.21100600000001,Q4
M,99,2008,86.943878,Q4
M,99,2009,87.532425,Q4
M,99,2010,88.258972,Q4
M,99,2011,88.388535,Q4
M,99,2012,87.966202,Q4
M,99,2013,88.766502,Q4
M,99,2014,89.012512,Q4
M,100,2001,87.406288,Q4
M,100,2002,88.17375899999999,Q4
M,100,2003,86.072571,Q4
M,100,2004,88.20478100000001,Q4
M,100,2005,87.48085,Q4
M,100,2006,87.19009399999999,Q4
M,100,2007,87.607712,Q4
M,100,2008,87.922089,Q4
M,100,2009,87.5896,Q4
M,100,2010,88.866783,Q4
M,100,2011,88.712631,Q4
M,100,2012,88.256958,Q4
M,100,2013,88.934837,Q4
M,100,2014,89.78313399999999,Q4
